,date,pm25,pm10,o3,no2,so2,co,AQI_PM25,AQI_PM10,AQI
1,12/28/2018,150,78,8,19,1,7,323.255814,78,323.255814
2,12/29/2018,159,71,11,16,4,7,330.1627907,71,330.1627907
3,2/14/2019,127,59,64,10,2,15,305.6046512,59,305.6046512
4,2/15/2019,97,54,42,3,3,11,221.4827586,54,221.4827586
5,2/18/2019,94,71,19,18,3,15,211.2413793,71,211.2413793
6,2/19/2019,129,59,15,16,2,15,307.1395349,59,307.1395349
7,2/20/2019,91,70,20,19,3,16,201,70,201
8,2/21/2019,105,74,16,22,3,13,248.7931034,74,248.7931034
9,2/22/2019,110,72,21,29,3,14,265.862069,72,265.862069
10,2/23/2019,118,68,21,23,2,15,293.1724138,68,293.1724138
11,2/24/2019,115,60,21,24,2,14,282.9310345,60,282.9310345
12,2/25/2019,89,67,43,14,2,10,196.5862069,67,196.5862069
13,2/26/2019,119,71,38,13,2,13,296.5862069,71,296.5862069
14,2/27/2019,112,73,34,11,2,10,272.6896552,73,272.6896552
15,2/28/2019,105,86,49,22,2,15,248.7931034,86,248.7931034
16,3/1/2019,145,68,22,14,3,9,319.4186047,68,319.4186047
17,3/2/2019,112,64,62,15,2,11,272.6896552,64,272.6896552
18,3/3/2019,102,69,82,13,2,11,238.5517241,69,238.5517241
19,3/4/2019,120,70,42,11,2,13,300,70,300
20,3/5/2019,122,70,39,8,2,6,301.7674419,70,301.7674419
21,3/6/2019,105,89,45,17,2,13,248.7931034,89,248.7931034
22,3/7/2019,125,82,94,20,3,12,304.0697674,82,304.0697674
23,3/8/2019,128,79,63,13,2,12,306.372093,79,306.372093
24,3/9/2019,135,66,35,13,2,13,311.744186,66,311.744186
25,3/10/2019,102,64,32,15,3,11,238.5517241,64,238.5517241
26,3/11/2019,94,74,31,16,8,12,211.2413793,74,211.2413793
27,3/12/2019,121,77,26,15,7,10,301,77,301
28,3/13/2019,120,73,26,4,4,6,300,73,300
29,3/14/2019,108,70,25,15,2,7,259.0344828,70,259.0344828
30,3/15/2019,105,78,28,27,2,8,248.7931034,78,248.7931034
31,3/16/2019,120,67,54,23,3,9,300,67,300
32,3/17/2019,122,69,50,22,2,8,301.7674419,69,301.7674419
33,3/18/2019,118,64,41,18,2,7,293.1724138,64,293.1724138
34,3/19/2019,106,65,44,16,5,6,252.2068966,65,252.2068966
35,3/20/2019,104,66,79,17,2,8,245.3793103,66,245.3793103
36,3/21/2019,110,67,44,20,3,10,265.862069,67,265.862069
37,3/22/2019,107,72,54,22,2,9,255.6206897,72,255.6206897
38,3/23/2019,115,68,49,15,2,8,282.9310345,68,282.9310345
39,3/24/2019,101,67,29,21,3,8,235.137931,67,235.137931
40,3/25/2019,114,69,35,23,4,10,279.5172414,69,279.5172414
41,3/26/2019,115,73,48,23,3,9,282.9310345,73,282.9310345
42,3/27/2019,117,79,44,28,5,8,289.7586207,79,289.7586207
43,3/28/2019,127,80,64,21,2,8,305.6046512,80,305.6046512
44,3/29/2019,129,77,46,23,4,10,307.1395349,77,307.1395349
45,3/30/2019,120,73,48,18,3,7,300,73,300
46,3/31/2019,123,74,37,19,2,11,302.5348837,74,302.5348837
47,4/1/2019,122,80,39,22,4,9,301.7674419,80,301.7674419
48,4/2/2019,122,77,36,24,2,9,301.7674419,77,301.7674419
49,4/3/2019,124,69,29,19,5,8,303.3023256,69,303.3023256
50,4/4/2019,94,66,27,18,2,16,211.2413793,66,211.2413793
51,4/5/2019,102,69,57,18,1,4,238.5517241,69,238.5517241
52,4/6/2019,115,67,66,16,2,11,282.9310345,67,282.9310345
53,4/7/2019,111,63,40,15,5,8,269.2758621,63,269.2758621
54,4/8/2019,98,62,48,13,3,5,224.8965517,62,224.8965517
55,4/9/2019,107,70,40,22,2,12,255.6206897,70,255.6206897
56,4/10/2019,119,75,29,23,2,10,296.5862069,75,296.5862069
57,4/11/2019,126,69,52,21,1,8,304.8372093,69,304.8372093
58,4/12/2019,111,68,33,19,3,7,269.2758621,68,269.2758621
59,4/13/2019,112,63,41,14,3,6,272.6896552,63,272.6896552
60,4/14/2019,100,71,41,18,3,7,231.7241379,71,231.7241379
61,4/15/2019,103,67,66,15,3,7,241.9655172,67,241.9655172
62,4/16/2019,101,60,34,10,5,6,235.137931,60,235.137931
63,4/17/2019,100,51,43,14,1,6,231.7241379,51,231.7241379
64,4/18/2019,89,47,44,13,2,7,196.5862069,47,196.5862069
65,4/19/2019,86,52,44,11,2,7,186.3448276,52,186.3448276
66,4/20/2019,88,42,43,15,2,8,193.1724138,42,193.1724138
67,4/23/2019,90,61,29,21,2,8,200,61,200
68,4/24/2019,103,75,35,24,3,9,241.9655172,75,241.9655172
69,4/25/2019,129,78,37,23,2,9,307.1395349,78,307.1395349
70,4/26/2019,137,83,27,20,2,9,313.2790698,83,313.2790698
71,4/27/2019,145,83,10,38,4,20,319.4186047,83,319.4186047
72,5/1/2019,80,66,35,4,2,4,165.862069,66,165.862069
73,5/2/2019,99,64,41,3,2,4,228.3103448,64,228.3103448
74,5/3/2019,96,73,45,5,1,5,218.0689655,73,218.0689655
75,5/4/2019,108,68,49,9,2,5,259.0344828,68,259.0344828
76,5/5/2019,104,66,36,10,1,5,245.3793103,66,245.3793103
77,5/6/2019,111,52,23,6,2,5,269.2758621,52,269.2758621
78,5/8/2019,46,52,25,9,4,18,76.34482759,52,76.34482759
79,5/10/2019,87,57,29,9,1,6,189.7586207,57,189.7586207
80,5/11/2019,95,56,38,10,2,7,214.6551724,56,214.6551724
81,5/12/2019,98,50,28,7,1,6,224.8965517,50,224.8965517
82,5/13/2019,87,51,29,6,2,5,189.7586207,51,189.7586207
83,5/14/2019,84,56,17,8,1,6,179.5172414,56,179.5172414
84,5/15/2019,92,55,35,11,1,8,204.4137931,55,204.4137931
85,5/16/2019,99,59,23,13,1,8,228.3103448,59,228.3103448
86,5/17/2019,105,68,20,10,2,11,248.7931034,68,248.7931034
87,5/21/2019,128,59,38,7,1,7,306.372093,59,306.372093
88,5/22/2019,112,61,17,9,1,8,272.6896552,61,272.6896552
89,5/23/2019,120,53,26,5,2,5,300,53,300
90,5/25/2019,72,30,21,3,1,5,138.5517241,30,138.5517241
91,5/26/2019,59,31,20,5,1,7,98.31034483,31,98.31034483
92,5/27/2019,59,61,22,7,1,6,98.31034483,61,98.31034483
93,5/28/2019,104,36,32,5,3,6,245.3793103,36,245.3793103
94,5/29/2019,63,55,25,4,1,4,107.8275862,55,107.8275862
95,6/1/2019,73,50,15,3,1,4,141.9655172,50,141.9655172
96,6/2/2019,82,30,18,4,1,4,172.6896552,30,172.6896552
97,6/3/2019,60,46,20,2,2,2,100,46,100
98,6/4/2019,75,45,18,2,1,3,148.7931034,45,148.7931034
99,6/5/2019,76,23,16,4,2,7,152.2068966,23,152.2068966
100,6/6/2019,66,17,17,5,4,7,118.0689655,17,118.0689655
101,6/7/2019,80,40,26,5,2,6,165.862069,40,165.862069
102,6/13/2019,34,33,15,1,2,2,56.06896552,33,56.06896552
103,6/16/2019,55,45,8,1,1,2,91.55172414,45,91.55172414
104,6/23/2019,29,30,16,1,1,4,48.33333333,30,48.33333333
105,6/24/2019,47,50,14,1,2,3,78.03448276,50,78.03448276
106,6/25/2019,70,45,13,1,1,3,131.7241379,45,131.7241379
107,7/3/2019,41,35,13,2,1,8,67.89655172,35,67.89655172
108,7/4/2019,37,36,12,5,1,7,61.13793103,36,61.13793103
109,7/5/2019,43,29,12,4,1,13,71.27586207,29,71.27586207
110,7/6/2019,42,35,14,2,1,13,69.5862069,35,69.5862069
111,7/7/2019,48,37,10,3,4,19,79.72413793,37,79.72413793
112,7/8/2019,45,26,12,2,1,15,74.65517241,26,74.65517241
113,7/9/2019,38,21,14,2,1,12,62.82758621,21,62.82758621
114,7/10/2019,39,22,15,3,1,12,64.51724138,22,64.51724138
115,7/11/2019,48,35,16,5,1,12,79.72413793,35,79.72413793
116,7/12/2019,53,35,17,4,1,12,88.17241379,35,88.17241379
117,7/13/2019,49,27,18,3,1,12,81.4137931,27,81.4137931
118,7/14/2019,50,26,17,4,1,12,83.10344828,26,83.10344828
119,7/15/2019,44,32,17,4,1,14,72.96551724,32,72.96551724
120,7/16/2019,60,32,16,4,1,11,100,32,100
121,7/17/2019,58,37,13,5,1,10,96.62068966,37,96.62068966
122,7/18/2019,79,22,15,4,2,3,162.4482759,22,162.4482759
123,7/19/2019,44,17,13,3,1,4,72.96551724,17,72.96551724
124,7/20/2019,31,16,14,3,1,3,51,16,51
125,7/21/2019,31,18,16,3,1,5,51,18,51
126,7/22/2019,36,21,14,4,1,4,59.44827586,21,59.44827586
127,7/23/2019,34,28,17,4,1,5,56.06896552,28,56.06896552
128,7/24/2019,44,21,16,5,1,5,72.96551724,21,72.96551724
129,7/25/2019,31,26,13,4,2,5,51,26,51
130,7/26/2019,40,33,15,4,1,5,66.20689655,33,66.20689655
131,7/27/2019,45,35,17,4,1,5,74.65517241,35,74.65517241
132,7/28/2019,46,37,15,3,1,4,76.34482759,37,76.34482759
133,7/29/2019,55,31,14,4,1,5,91.55172414,31,91.55172414
134,7/30/2019,42,32,15,4,1,4,69.5862069,32,69.5862069
135,7/31/2019,44,30,14,3,1,4,72.96551724,30,72.96551724
136,8/1/2019,38,32,13,3,1,3,62.82758621,32,62.82758621
137,8/2/2019,42,28,15,3,1,4,69.5862069,28,69.5862069
138,8/3/2019,35,29,13,2,1,5,57.75862069,29,57.75862069
139,8/4/2019,37,17,12,3,1,3,61.13793103,17,61.13793103
140,8/5/2019,27,13,11,3,1,4,45,13,45
141,8/6/2019,18,14,10,3,1,4,30,14,30
142,8/7/2019,25,16,10,3,1,4,41.66666667,16,41.66666667
143,8/8/2019,28,14,10,4,1,4,46.66666667,14,46.66666667
144,8/9/2019,21,15,12,3,1,3,35,15,35
145,8/10/2019,24,21,12,2,1,1,40,21,40
146,8/11/2019,29,26,12,4,4,5,48.33333333,26,48.33333333
147,8/12/2019,40,21,13,4,3,7,66.20689655,21,66.20689655
148,8/13/2019,35,23,12,5,3,4,57.75862069,23,57.75862069
149,8/15/2019,35,20,9,5,2,3,57.75862069,20,57.75862069
150,8/16/2019,42,27,7,7,1,4,69.5862069,27,69.5862069
151,8/17/2019,48,29,7,9,1,4,79.72413793,29,79.72413793
152,8/18/2019,56,23,7,8,1,8,93.24137931,23,93.24137931
153,8/19/2019,46,22,5,6,2,16,76.34482759,22,76.34482759
154,8/20/2019,36,24,8,4,5,11,59.44827586,24,59.44827586
155,8/21/2019,42,29,8,3,4,4,69.5862069,29,69.5862069
156,8/22/2019,47,23,8,3,4,3,78.03448276,23,78.03448276
157,8/23/2019,40,21,8,2,4,3,66.20689655,21,66.20689655
158,8/24/2019,40,24,8,2,4,3,66.20689655,24,66.20689655
159,8/25/2019,43,27,9,6,2,8,71.27586207,27,71.27586207
160,8/26/2019,47,20,12,7,6,3,78.03448276,20,78.03448276
161,8/27/2019,24,27,12,12,1,2,40,27,40
162,8/28/2019,42,27,13,10,4,7,69.5862069,27,69.5862069
163,9/2/2019,30,15,9,4,3,6,50,15,50
164,9/3/2019,32,23,10,4,3,5,52.68965517,23,52.68965517
165,9/4/2019,41,19,10,3,3,5,67.89655172,19,67.89655172
166,9/5/2019,35,21,10,3,3,4,57.75862069,21,57.75862069
167,9/6/2019,35,12,8,1,3,7,57.75862069,12,57.75862069
168,9/7/2019,42,20,8,1,3,13,69.5862069,20,69.5862069
169,9/8/2019,37,22,8,1,3,8,61.13793103,22,61.13793103
170,9/9/2019,38,31,14,3,3,4,62.82758621,31,62.82758621
171,9/10/2019,50,32,13,4,3,3,83.10344828,32,83.10344828
172,9/11/2019,47,31,11,4,3,3,78.03448276,31,78.03448276
173,9/12/2019,43,28,12,5,3,4,71.27586207,28,71.27586207
174,9/13/2019,47,32,12,5,4,3,78.03448276,32,78.03448276
175,9/14/2019,48,35,15,4,3,5,79.72413793,35,79.72413793
176,9/15/2019,49,22,13,4,3,3,81.4137931,22,81.4137931
177,9/16/2019,40,18,9,3,4,2,66.20689655,18,66.20689655
178,9/18/2019,163,34,13,4,3,3,333.2325581,34,333.2325581
179,9/19/2019,66,31,17,5,3,3,118.0689655,31,118.0689655
180,9/20/2019,44,39,21,8,3,4,72.96551724,39,72.96551724
181,9/21/2019,57,29,22,7,3,3,94.93103448,29,94.93103448
182,9/22/2019,41,30,24,9,6,3,67.89655172,30,67.89655172
183,9/23/2019,47,25,33,8,8,5,78.03448276,25,78.03448276
184,9/24/2019,50,37,24,10,4,5,83.10344828,37,83.10344828
185,9/25/2019,46,27,18,8,3,5,76.34482759,27,76.34482759
186,9/26/2019,40,49,28,12,3,6,66.20689655,49,66.20689655
187,9/27/2019,93,48,32,11,2,5,207.8275862,48,207.8275862
188,9/28/2019,82,59,22,11,2,6,172.6896552,59,172.6896552
189,9/29/2019,115,43,20,11,2,5,282.9310345,43,282.9310345
190,9/30/2019,69,42,25,9,2,6,128.3103448,42,128.3103448
191,10/1/2019,82,19,28,8,2,5,172.6896552,19,172.6896552
192,10/2/2019,44,39,40,13,3,6,72.96551724,39,72.96551724
193,10/3/2019,76,38,40,10,2,7,152.2068966,38,152.2068966
194,10/4/2019,81,43,26,17,2,5,169.2758621,43,169.2758621
195,10/5/2019,80,47,2,17,2,4,165.862069,47,165.862069
196,10/6/2019,89,47,24,22,5,5,196.5862069,47,196.5862069
197,10/7/2019,92,25,35,11,2,6,204.4137931,25,204.4137931
198,10/8/2019,58,41,45,19,2,7,96.62068966,41,96.62068966
199,10/9/2019,88,54,30,18,2,6,193.1724138,54,193.1724138
200,10/10/2019,103,61,30,16,2,5,241.9655172,61,241.9655172
201,10/11/2019,124,60,19,16,2,8,303.3023256,60,303.3023256
202,10/12/2019,111,38,10,13,2,7,269.2758621,38,269.2758621
203,10/13/2019,56,31,11,12,2,8,93.24137931,31,93.24137931
204,10/14/2019,55,37,13,14,2,3,91.55172414,37,91.55172414
205,10/15/2019,65,35,13,14,2,5,114.6551724,35,114.6551724
206,10/16/2019,60,39,8,15,2,8,100,39,100
207,10/17/2019,59,46,10,16,2,7,98.31034483,46,98.31034483
208,10/18/2019,66,39,10,15,2,4,118.0689655,39,118.0689655
209,10/19/2019,61,39,13,14,2,3,101,39,101
210,10/20/2019,61,33,12,16,2,5,101,33,101
211,10/21/2019,57,20,13,10,2,4,94.93103448,20,94.93103448
212,10/22/2019,38,15,11,7,2,4,62.82758621,15,62.82758621
213,10/23/2019,25,12,13,6,2,6,41.66666667,12,41.66666667
214,10/24/2019,18,13,10,7,3,8,30,13,30
215,10/25/2019,20,23,11,8,2,6,33.33333333,23,33.33333333
216,10/26/2019,44,39,18,7,2,6,72.96551724,39,72.96551724
217,10/27/2019,82,58,9,13,3,10,172.6896552,58,172.6896552
218,10/28/2019,107,49,10,12,2,7,255.6206897,49,255.6206897
219,10/29/2019,86,35,11,14,2,11,186.3448276,35,186.3448276
220,10/30/2019,64,45,9,13,2,7,111.2413793,45,111.2413793
221,10/31/2019,70,47,24,13,2,8,131.7241379,47,131.7241379
222,11/1/2019,78,61,11,15,2,11,159.0344828,61,159.0344828
223,11/2/2019,90,62,15,14,2,4,200,62,200
224,11/3/2019,110,79,16,17,3,8,265.862069,79,265.862069
225,11/4/2019,141,92,19,14,3,7,316.3488372,92,316.3488372
226,11/5/2019,152,83,41,12,3,7,324.7906977,83,324.7906977
227,11/6/2019,148,83,42,11,3,5,321.7209302,83,321.7209302
228,11/7/2019,151,72,23,8,5,9,324.0232558,72,324.0232558
229,11/8/2019,128,66,32,9,3,5,306.372093,66,306.372093
230,11/9/2019,120,82,33,9,4,6,300,82,300
231,11/10/2019,144,89,30,12,3,7,318.6511628,89,318.6511628
232,11/11/2019,158,59,19,11,2,5,329.3953488,59,329.3953488
233,11/12/2019,97,59,20,11,2,5,221.4827586,59,221.4827586
234,11/13/2019,103,53,18,10,4,6,241.9655172,53,241.9655172
235,11/14/2019,79,46,8,9,3,10,162.4482759,46,162.4482759
236,11/15/2019,82,54,11,10,1,7,172.6896552,54,172.6896552
237,11/16/2019,78,54,22,8,3,3,159.0344828,54,159.0344828
238,11/17/2019,97,57,14,10,5,6,221.4827586,57,221.4827586
239,11/18/2019,89,44,17,8,6,3,196.5862069,44,196.5862069
240,11/19/2019,57,43,10,9,4,6,94.93103448,43,94.93103448
241,11/20/2019,61,70,14,11,6,9,101,70,101
242,11/21/2019,121,71,17,10,4,6,301,71,301
243,11/22/2019,121,62,18,11,5,6,301,62,301
244,11/23/2019,102,67,16,12,6,9,238.5517241,67,238.5517241
245,11/24/2019,114,70,15,12,4,8,279.5172414,70,279.5172414
246,11/25/2019,123,65,17,11,3,7,302.5348837,65,302.5348837
247,11/26/2019,116,63,16,11,4,8,286.3448276,63,286.3448276
248,11/27/2019,111,53,11,10,4,6,269.2758621,53,269.2758621
249,11/28/2019,77,44,8,7,4,7,155.6206897,44,155.6206897
250,11/29/2019,65,45,5,11,2,11,114.6551724,45,114.6551724
251,11/30/2019,65,29,4,10,2,9,114.6551724,29,114.6551724
252,12/1/2019,54,27,8,8,2,8,89.86206897,27,89.86206897
253,12/2/2019,56,61,7,12,5,12,93.24137931,61,93.24137931
254,12/3/2019,98,64,14,10,2,8,224.8965517,64,224.8965517
255,12/4/2019,113,73,23,11,6,7,276.1034483,73,276.1034483
256,12/5/2019,149,82,19,13,7,8,322.4883721,82,322.4883721
257,12/6/2019,157,67,18,12,7,8,328.627907,67,328.627907
258,12/7/2019,119,57,11,12,5,7,296.5862069,57,296.5862069
259,12/8/2019,93,54,14,20,7,12,207.8275862,54,207.8275862
260,12/9/2019,78,50,14,12,3,9,159.0344828,50,159.0344828
261,12/10/2019,72,59,18,14,2,7,138.5517241,59,138.5517241
262,12/11/2019,93,64,25,15,4,8,207.8275862,64,207.8275862
263,12/12/2019,104,64,20,14,4,7,245.3793103,64,245.3793103
264,12/13/2019,109,51,11,10,4,6,262.4482759,51,262.4482759
265,12/14/2019,77,58,17,13,4,5,155.6206897,58,155.6206897
266,12/15/2019,99,48,14,11,5,5,228.3103448,48,228.3103448
267,12/16/2019,75,52,14,12,2,8,148.7931034,52,148.7931034
268,12/17/2019,88,67,19,13,3,9,193.1724138,67,193.1724138
269,12/18/2019,124,64,13,13,6,9,303.3023256,64,303.3023256
270,12/19/2019,111,71,15,14,4,7,269.2758621,71,269.2758621
271,12/20/2019,134,76,17,13,5,6,310.9767442,76,310.9767442
272,12/21/2019,142,70,23,11,3,4,317.1162791,70,317.1162791
273,12/22/2019,139,72,22,13,4,6,314.8139535,72,314.8139535
274,12/23/2019,140,65,17,12,7,7,315.5813953,65,315.5813953
275,12/24/2019,105,62,14,12,4,8,248.7931034,62,248.7931034
276,12/25/2019,107,69,31,10,2,3,255.6206897,69,255.6206897
277,12/26/2019,125,69,26,12,4,5,304.0697674,69,304.0697674
278,12/27/2019,121,64,19,12,8,8,301,64,301
279,12/28/2019,111,62,25,11,5,5,269.2758621,62,269.2758621
280,1/1/2020,99,49,15,10,5,7,228.3103448,49,228.3103448
281,1/2/2020,72,56,28,11,3,4,138.5517241,56,138.5517241
282,1/3/2020,87,79,32,13,2,9,189.7586207,79,189.7586207
283,1/4/2020,134,74,32,10,3,5,310.9767442,74,310.9767442
284,1/5/2020,140,53,10,12,5,8,315.5813953,53,315.5813953
285,1/6/2020,81,53,13,13,6,8,169.2758621,53,169.2758621
286,1/7/2020,80,64,39,15,5,7,165.862069,64,165.862069
287,1/8/2020,109,68,35,16,2,6,262.4482759,68,262.4482759
288,1/9/2020,127,67,18,18,7,6,305.6046512,67,305.6046512
289,1/10/2020,120,56,17,13,5,6,300,56,300
290,1/11/2020,99,63,19,14,4,7,228.3103448,63,228.3103448
291,1/12/2020,122,75,30,13,2,6,301.7674419,75,301.7674419
292,1/13/2020,142,89,30,18,5,4,317.1162791,89,317.1162791
293,1/14/2020,158,67,27,13,6,5,329.3953488,67,329.3953488
294,1/15/2020,130,68,52,15,5,8,307.9069767,68,307.9069767
295,1/16/2020,126,65,34,15,7,8,304.8372093,65,304.8372093
296,1/18/2020,87,46,21,9,1,4,189.7586207,46,189.7586207
297,1/19/2020,72,60,21,14,1,5,138.5517241,60,138.5517241
298,1/20/2020,102,60,17,15,4,6,238.5517241,60,238.5517241
299,1/21/2020,102,58,14,13,3,9,238.5517241,58,238.5517241
300,1/22/2020,97,60,17,12,4,6,221.4827586,60,221.4827586
301,1/23/2020,101,66,15,18,4,6,235.137931,66,235.137931
302,1/24/2020,113,77,17,21,6,7,276.1034483,77,276.1034483
303,1/25/2020,117,68,26,19,6,7,289.7586207,68,289.7586207
304,1/26/2020,119,67,32,18,4,7,296.5862069,67,296.5862069
305,1/27/2020,118,70,40,11,6,6,293.1724138,70,293.1724138
306,1/28/2020,128,68,59,16,5,5,306.372093,68,306.372093
307,1/29/2020,111,71,49,21,6,7,269.2758621,71,269.2758621
308,1/30/2020,114,75,46,16,11,5,279.5172414,75,279.5172414
309,1/31/2020,126,74,24,13,13,6,304.8372093,74,304.8372093
310,2/1/2020,130,57,21,10,3,2,307.9069767,57,307.9069767
311,2/2/2020,90,58,18,15,4,4,200,58,200
312,2/3/2020,85,56,17,13,5,4,182.9310345,56,182.9310345
313,2/4/2020,72,57,19,9,4,24,138.5517241,57,138.5517241
314,2/5/2020,81,66,38,11,6,12,169.2758621,66,169.2758621
315,2/6/2020,104,70,32,10,9,8,245.3793103,70,245.3793103
316,2/7/2020,124,65,22,10,4,2,303.3023256,65,303.3023256
317,2/8/2020,110,60,16,9,16,2,265.862069,60,265.862069
318,2/9/2020,100,58,16,12,5,5,231.7241379,58,231.7241379
319,2/10/2020,88,57,17,15,4,8,193.1724138,57,193.1724138
320,2/11/2020,86,57,17,16,5,7,186.3448276,57,186.3448276
321,2/12/2020,85,60,22,17,2,5,182.9310345,60,182.9310345
322,2/13/2020,91,71,39,16,6,7,201,71,201
323,2/15/2020,65,68,28,28,9,14,114.6551724,68,114.6551724
324,2/16/2020,97,68,28,21,6,6,221.4827586,68,221.4827586
325,2/17/2020,104,70,24,26,4,8,245.3793103,70,245.3793103
326,2/18/2020,109,69,32,13,1,8,262.4482759,69,262.4482759
327,2/19/2020,121,72,23,1,1,6,301,72,301
328,2/26/2020,84,68,32,4,2,6,179.5172414,68,179.5172414
329,2/27/2020,101,67,23,4,3,5,235.137931,67,235.137931
330,2/28/2020,104,66,25,4,3,4,245.3793103,66,245.3793103
331,2/29/2020,99,62,28,3,4,3,228.3103448,62,228.3103448
332,3/1/2020,94,77,54,4,4,8,211.2413793,77,211.2413793
333,3/2/2020,123,101,22,10,4,16,302.5348837,101,302.5348837
334,3/3/2020,154,67,32,2,4,5,326.3255814,67,326.3255814
335,3/4/2020,114,76,35,4,2,6,279.5172414,76,279.5172414
336,3/5/2020,129,57,34,2,3,5,307.1395349,57,307.1395349
337,3/6/2020,85,66,25,3,3,6,182.9310345,66,182.9310345
338,3/7/2020,106,66,36,3,4,3,252.2068966,66,252.2068966
339,3/8/2020,97,65,42,3,4,4,221.4827586,65,221.4827586
340,3/9/2020,100,71,44,3,4,6,231.7241379,71,231.7241379
341,3/10/2020,109,65,35,3,4,6,262.4482759,65,262.4482759
342,3/11/2020,103,61,40,3,4,9,241.9655172,61,241.9655172
343,3/12/2020,82,65,25,4,5,5,172.6896552,65,172.6896552
344,3/13/2020,89,59,30,3,4,6,196.5862069,59,196.5862069
345,3/14/2020,73,62,35,3,4,14,141.9655172,62,141.9655172
346,3/15/2020,86,53,25,2,3,6,186.3448276,53,186.3448276
347,3/16/2020,66,54,17,2,4,4,118.0689655,54,118.0689655
348,3/17/2020,54,53,21,3,4,5,89.86206897,53,89.86206897
349,3/18/2020,65,64,44,3,6,5,114.6551724,64,114.6551724
350,3/19/2020,97,64,37,2,3,7,221.4827586,64,221.4827586
351,3/20/2020,105,59,52,2,3,6,248.7931034,59,248.7931034
352,3/21/2020,92,57,43,1,3,6,204.4137931,57,204.4137931
353,3/22/2020,84,63,37,2,2,7,179.5172414,63,179.5172414
354,3/23/2020,106,66,24,1,4,2,252.2068966,66,252.2068966
355,4/7/2020,68,19,20,1,3,5,124.8965517,19,124.8965517
356,4/13/2020,84,55,15,1,4,4,179.5172414,55,179.5172414
357,5/8/2020,56,54,19,1,4,4,93.24137931,54,93.24137931
358,5/9/2020,73,50,13,1,5,4,141.9655172,50,141.9655172
359,5/10/2020,72,48,17,1,4,6,138.5517241,48,138.5517241
360,5/11/2020,60,41,15,1,4,1,100,41,100
361,5/12/2020,45,36,5,1,4,1,74.65517241,36,74.65517241
362,5/14/2020,73,36,13,3,4,4,141.9655172,36,141.9655172
363,5/15/2020,41,44,18,5,5,5,67.89655172,44,67.89655172
364,5/16/2020,60,41,15,4,4,2,100,41,100
365,5/17/2020,58,34,12,4,4,3,96.62068966,34,96.62068966
366,5/18/2020,42,65,16,4,3,4,69.5862069,65,69.5862069
367,5/19/2020,59,52,7,4,4,4,98.31034483,52,98.31034483
368,5/20/2020,45,51,16,5,4,5,74.65517241,51,74.65517241
369,5/21/2020,47,41,19,4,3,7,78.03448276,41,78.03448276
370,5/22/2020,41,44,21,4,3,4,67.89655172,44,67.89655172
371,5/23/2020,50,44,16,4,2,4,83.10344828,44,83.10344828
372,5/24/2020,54,44,19,6,4,4,89.86206897,44,89.86206897
373,5/25/2020,54,36,19,5,3,6,89.86206897,36,89.86206897
374,5/26/2020,49,40,15,7,4,4,81.4137931,40,81.4137931
375,5/27/2020,53,42,16,5,4,1,88.17241379,42,88.17241379
376,5/28/2020,48,34,17,6,4,5,79.72413793,34,79.72413793
377,5/29/2020,37,28,15,6,4,2,61.13793103,28,61.13793103
378,5/30/2020,36,50,15,6,4,13,59.44827586,50,59.44827586
379,5/31/2020,69,19,13,5,3,6,128.3103448,19,128.3103448
380,6/1/2020,14,13,7,4,3,4,23.33333333,13,23.33333333
381,6/2/2020,15,18,8,3,4,8,25,18,25
382,6/3/2020,60,29,7,4,3,7,100,29,100
383,6/4/2020,59,31,10,4,3,4,98.31034483,31,98.31034483
384,6/5/2020,55,41,10,4,3,6,91.55172414,41,91.55172414
385,6/6/2020,70,45,8,4,3,1,131.7241379,45,131.7241379
386,6/7/2020,69,48,9,4,4,5,128.3103448,48,128.3103448
387,6/8/2020,75,52,10,4,4,3,148.7931034,52,148.7931034
388,6/9/2020,73,38,7,4,4,3,141.9655172,38,141.9655172
389,6/10/2020,60,32,7,4,3,8,100,32,100
390,6/11/2020,60,35,7,4,5,5,100,35,100
391,6/12/2020,63,35,7,4,5,8,107.8275862,35,107.8275862
392,6/13/2020,62,33,6,3,5,3,104.4137931,33,104.4137931
393,6/14/2020,57,36,6,4,5,6,94.93103448,36,94.93103448
394,6/15/2020,60,44,6,4,5,6,100,44,100
395,6/16/2020,64,48,5,4,5,7,111.2413793,48,111.2413793
396,6/17/2020,69,46,5,4,5,11,128.3103448,46,128.3103448
397,6/18/2020,65,53,6,4,5,8,114.6551724,53,114.6551724
398,6/19/2020,74,48,7,4,5,3,145.3793103,48,145.3793103
399,6/20/2020,69,43,6,3,5,6,128.3103448,43,128.3103448
400,6/21/2020,66,37,6,4,5,2,118.0689655,37,118.0689655
401,6/22/2020,60,47,9,4,5,3,100,47,100
402,6/23/2020,79,49,8,4,4,3,162.4482759,49,162.4482759
403,6/24/2020,75,40,8,8,5,4,148.7931034,40,148.7931034
404,6/25/2020,73,30,7,5,3,2,141.9655172,30,141.9655172
405,6/26/2020,62,30,8,5,3,2,104.4137931,30,104.4137931
406,6/27/2020,60,26,9,3,3,3,100,26,100
407,6/28/2020,57,24,8,4,3,2,94.93103448,24,94.93103448
408,6/29/2020,62,27,6,4,3,2,104.4137931,27,104.4137931
409,6/30/2020,54,32,6,4,3,2,89.86206897,32,89.86206897
410,7/1/2020,63,27,3,4,3,1,107.8275862,27,107.8275862
411,7/2/2020,56,24,5,4,4,1,93.24137931,24,93.24137931
412,7/3/2020,53,31,5,4,4,2,88.17241379,31,88.17241379
413,7/4/2020,59,37,5,3,5,2,98.31034483,37,98.31034483
414,7/5/2020,64,45,5,3,4,2,111.2413793,45,111.2413793
415,7/6/2020,66,42,3,4,4,1,118.0689655,42,118.0689655
416,7/7/2020,80,30,5,4,4,1,165.862069,30,165.862069
417,7/8/2020,57,25,4,3,4,1,94.93103448,25,94.93103448
418,7/9/2020,55,28,3,4,4,1,91.55172414,28,91.55172414
419,7/10/2020,60,30,6,4,5,2,100,30,100
420,7/11/2020,58,23,6,3,4,2,96.62068966,23,96.62068966
421,7/12/2020,53,36,8,5,4,3,88.17241379,36,88.17241379
422,7/13/2020,71,28,4,4,4,1,135.137931,28,135.137931
423,7/14/2020,60,24,5,3,5,1,100,24,100
424,7/15/2020,56,17,2,3,5,1,93.24137931,17,93.24137931
425,7/16/2020,47,27,3,3,4,1,78.03448276,27,78.03448276
426,7/17/2020,63,32,4,3,4,1,107.8275862,32,107.8275862
427,7/18/2020,61,22,6,3,3,1,101,22,101
428,7/19/2020,50,32,7,4,5,4,83.10344828,32,83.10344828
429,7/20/2020,71,24,6,4,3,2,135.137931,24,135.137931
430,7/21/2020,51,54,11,7,4,3,84.79310345,54,84.79310345
431,7/22/2020,97,42,14,6,4,3,221.4827586,42,221.4827586
432,7/23/2020,70,26,4,5,3,1,131.7241379,26,131.7241379
433,7/24/2020,56,22,5,4,3,1,93.24137931,22,93.24137931
434,7/25/2020,45,26,6,3,4,1,74.65517241,26,74.65517241
435,7/26/2020,53,27,7,3,4,1,88.17241379,27,88.17241379
436,7/27/2020,52,23,5,4,4,1,86.48275862,23,86.48275862
437,7/29/2020,60,23,4,4,4,1,100,23,100
438,7/30/2020,45,20,5,4,3,1,74.65517241,20,74.65517241
439,7/31/2020,46,20,5,4,4,1,76.34482759,20,76.34482759
440,8/1/2020,43,15,5,3,4,2,71.27586207,15,71.27586207
441,8/2/2020,37,20,3,3,4,1,61.13793103,20,61.13793103
442,8/3/2020,38,24,4,3,4,1,62.82758621,24,62.82758621
443,8/4/2020,39,24,3,3,5,1,64.51724138,24,64.51724138
444,8/5/2020,43,28,3,3,4,1,71.27586207,28,71.27586207
445,8/6/2020,44,25,3,3,4,1,72.96551724,25,72.96551724
446,8/7/2020,51,26,4,4,4,1,84.79310345,26,84.79310345
447,8/10/2020,53,32,5,4,4,2,88.17241379,32,88.17241379
448,8/11/2020,52,39,5,4,4,2,86.48275862,39,86.48275862
449,8/12/2020,51,51,6,4,3,2,84.79310345,51,84.79310345
450,8/13/2020,68,45,4,4,3,2,124.8965517,45,124.8965517
451,8/14/2020,71,43,4,4,4,2,135.137931,43,135.137931
452,8/15/2020,65,45,3,4,3,1,114.6551724,45,114.6551724
453,8/16/2020,66,34,4,4,3,1,118.0689655,34,118.0689655
454,8/17/2020,58,34,3,4,3,1,96.62068966,34,96.62068966
455,8/18/2020,61,35,3,4,3,1,101,35,101
456,8/19/2020,53,38,3,5,4,1,88.17241379,38,88.17241379
457,8/20/2020,57,37,5,4,3,1,94.93103448,37,94.93103448
458,8/21/2020,60,30,5,4,3,1,100,30,100
459,8/22/2020,54,24,3,4,3,1,89.86206897,24,89.86206897
460,8/23/2020,49,39,6,5,3,2,81.4137931,39,81.4137931
461,8/24/2020,65,41,8,5,4,2,114.6551724,41,114.6551724
462,8/25/2020,67,38,7,5,4,2,121.4827586,38,121.4827586
463,8/26/2020,68,41,6,5,4,1,124.8965517,41,124.8965517
464,8/27/2020,65,40,7,5,4,2,114.6551724,40,114.6551724
465,8/28/2020,66,39,8,4,4,3,118.0689655,39,118.0689655
466,8/29/2020,67,27,6,4,4,2,121.4827586,27,121.4827586
467,8/30/2020,50,23,7,4,3,2,83.10344828,23,83.10344828
468,8/31/2020,41,26,4,4,3,1,67.89655172,26,67.89655172
469,9/1/2020,48,35,6,7,4,7,79.72413793,35,79.72413793
470,9/2/2020,68,38,8,8,5,8,124.8965517,38,124.8965517
471,9/3/2020,67,53,7,10,4,8,121.4827586,53,121.4827586
472,9/4/2020,84,67,6,9,4,8,179.5172414,67,179.5172414
473,9/5/2020,107,62,6,8,4,7,255.6206897,62,255.6206897
474,9/6/2020,97,22,6,4,4,5,221.4827586,22,221.4827586
475,9/7/2020,39,25,6,5,4,6,64.51724138,25,64.51724138
476,9/8/2020,47,22,9,5,4,6,78.03448276,22,78.03448276
477,9/9/2020,44,17,6,4,4,5,72.96551724,17,72.96551724
478,9/10/2020,31,22,5,4,4,5,51,22,51
479,9/11/2020,40,19,6,4,4,5,66.20689655,19,66.20689655
480,9/12/2020,36,17,6,4,4,5,59.44827586,17,59.44827586
481,9/13/2020,38,28,6,4,4,6,62.82758621,28,62.82758621
482,9/14/2020,49,31,6,4,4,7,81.4137931,31,81.4137931
483,9/15/2020,53,25,5,4,4,6,88.17241379,25,88.17241379
484,9/16/2020,40,29,5,4,4,5,66.20689655,29,66.20689655
485,9/17/2020,52,19,6,4,4,5,86.48275862,19,86.48275862
486,9/18/2020,37,25,6,4,4,5,61.13793103,25,61.13793103
487,9/19/2020,47,13,6,3,4,4,78.03448276,13,78.03448276
488,9/20/2020,34,24,6,4,4,5,56.06896552,24,56.06896552
489,9/21/2020,47,28,6,3,4,5,78.03448276,28,78.03448276
490,9/22/2020,47,47,7,4,4,6,78.03448276,47,78.03448276
491,9/23/2020,56,41,6,5,4,7,93.24137931,41,93.24137931
492,9/24/2020,60,39,7,4,3,6,100,39,100
493,9/25/2020,61,34,7,5,3,6,101,34,101
494,9/26/2020,55,32,7,4,5,5,91.55172414,32,91.55172414
495,9/27/2020,56,38,7,5,4,6,93.24137931,38,93.24137931
496,9/28/2020,62,36,6,6,5,7,104.4137931,36,104.4137931
497,9/29/2020,67,28,7,5,4,7,121.4827586,28,121.4827586
498,9/30/2020,45,34,7,5,4,6,74.65517241,34,74.65517241
499,10/1/2020,58,46,6,4,3,5,96.62068966,46,96.62068966
500,10/2/2020,77,38,7,5,3,6,155.6206897,38,155.6206897
501,10/3/2020,68,24,7,4,4,5,124.8965517,24,124.8965517
502,10/4/2020,51,37,7,4,4,5,84.79310345,37,84.79310345
503,10/5/2020,67,50,7,5,3,7,121.4827586,50,121.4827586
504,10/6/2020,86,56,6,4,3,6,186.3448276,56,186.3448276
505,10/7/2020,94,67,5,6,3,6,211.2413793,67,211.2413793
506,10/8/2020,122,60,5,8,4,8,301.7674419,60,301.7674419
507,10/9/2020,114,28,4,5,3,6,279.5172414,28,279.5172414
508,10/10/2020,62,29,5,4,4,5,104.4137931,29,104.4137931
509,10/11/2020,67,32,5,5,3,6,121.4827586,32,121.4827586
510,10/12/2020,64,32,4,4,4,6,111.2413793,32,111.2413793
511,10/13/2020,61,35,5,4,4,5,101,35,101
512,10/14/2020,55,37,12,4,4,5,91.55172414,37,91.55172414
513,10/15/2020,57,61,23,6,2,7,94.93103448,61,94.93103448
514,10/16/2020,101,66,22,9,4,9,235.137931,66,235.137931
515,10/17/2020,104,64,18,5,4,7,245.3793103,64,245.3793103
516,10/18/2020,98,52,13,6,5,9,224.8965517,52,224.8965517
517,10/19/2020,89,45,15,6,2,8,196.5862069,45,196.5862069
518,10/21/2020,47,28,14,4,4,6,78.03448276,28,78.03448276
519,10/22/2020,53,31,14,4,4,6,88.17241379,31,88.17241379
520,10/25/2020,91,64,19,19,6,10,201,64,201
521,10/26/2020,125,77,20,16,5,10,304.0697674,77,304.0697674
522,10/27/2020,151,76,23,14,3,5,324.0232558,76,324.0232558
523,10/28/2020,145,76,21,15,3,6,319.4186047,76,319.4186047
524,10/29/2020,143,79,24,18,2,6,317.8837209,79,317.8837209
525,10/30/2020,145,90,25,17,5,8,319.4186047,90,319.4186047
526,10/31/2020,161,85,31,9,4,6,331.6976744,85,331.6976744
527,11/1/2020,160,96,30,13,4,7,330.9302326,96,330.9302326
528,11/2/2020,166,86,18,17,2,7,335.5348837,86,335.5348837
529,11/3/2020,153,78,16,14,3,6,325.5581395,78,325.5581395
530,11/4/2020,145,61,15,13,3,6,319.4186047,61,319.4186047
531,11/5/2020,115,48,10,20,2,11,282.9310345,48,282.9310345
532,11/6/2020,76,48,9,11,1,7,152.2068966,48,152.2068966
533,11/7/2020,70,58,17,11,2,5,131.7241379,58,131.7241379
534,11/8/2020,111,79,23,10,3,5,269.2758621,79,269.2758621
535,11/11/2020,128,54,13,14,3,6,306.372093,54,306.372093
536,11/12/2020,86,37,9,14,2,8,186.3448276,37,186.3448276
537,11/13/2020,66,57,10,13,1,7,118.0689655,57,118.0689655
538,11/14/2020,88,43,12,9,3,7,193.1724138,43,193.1724138
539,11/15/2020,86,28,9,12,6,9,186.3448276,28,186.3448276
540,11/16/2020,50,39,9,13,5,10,83.10344828,39,83.10344828
541,11/17/2020,59,52,10,14,4,10,98.31034483,52,98.31034483
542,11/18/2020,71,56,12,16,4,10,135.137931,56,135.137931
543,11/19/2020,82,57,10,16,4,10,172.6896552,57,172.6896552
544,11/20/2020,81,57,13,21,10,10,169.2758621,57,169.2758621
545,11/21/2020,89,58,16,16,9,9,196.5862069,58,196.5862069
546,11/22/2020,105,57,12,15,10,8,248.7931034,57,248.7931034
547,11/23/2020,102,64,14,12,13,7,238.5517241,64,238.5517241
548,11/24/2020,124,60,15,7,15,3,303.3023256,60,303.3023256
549,11/25/2020,119,20,14,2,15,3,296.5862069,20,296.5862069
550,11/26/2020,53,16,14,2,16,3,88.17241379,16,88.17241379
551,11/27/2020,47,44,12,14,10,5,78.03448276,44,78.03448276
552,11/28/2020,68,45,9,13,5,2,124.8965517,45,124.8965517
553,11/29/2020,69,45,11,13,6,1,128.3103448,45,128.3103448
554,11/30/2020,73,56,12,16,6,2,141.9655172,56,141.9655172
555,12/1/2020,87,59,12,13,6,1,189.7586207,59,189.7586207
556,12/3/2020,94,34,11,13,7,2,211.2413793,34,211.2413793
557,12/4/2020,58,33,10,11,7,1,96.62068966,33,96.62068966
558,12/6/2020,80,40,8,15,6,1,165.862069,40,165.862069
559,12/7/2020,59,40,8,15,5,1,98.31034483,40,98.31034483
560,12/8/2020,61,52,9,17,5,1,101,52,101
561,12/9/2020,70,65,10,20,4,2,131.7241379,65,131.7241379
562,12/10/2020,94,74,13,18,4,2,211.2413793,74,211.2413793
563,12/11/2020,119,80,14,18,4,3,296.5862069,80,296.5862069
564,12/12/2020,140,77,17,15,4,3,315.5813953,77,315.5813953
565,12/13/2020,138,78,15,21,4,3,314.0465116,78,314.0465116
566,12/14/2020,142,74,12,18,4,1,317.1162791,74,317.1162791
567,12/17/2020,103,65,11,15,6,2,241.9655172,65,241.9655172
568,12/18/2020,131,76,11,19,5,2,308.6744186,76,308.6744186
569,12/19/2020,146,84,12,17,4,1,320.1860465,84,320.1860465
570,12/20/2020,159,80,14,19,6,2,330.1627907,80,330.1627907
571,12/21/2020,156,80,13,15,4,2,327.8604651,80,327.8604651
572,12/22/2020,157,80,16,21,3,3,328.627907,80,328.627907
573,12/23/2020,109,80,14,18,5,3,262.4482759,80,262.4482759
574,12/24/2020,132,81,15,16,5,3,309.4418605,81,309.4418605
575,12/25/2020,143,75,15,15,5,2,317.8837209,75,317.8837209
576,12/26/2020,131,82,14,16,4,2,308.6744186,82,308.6744186
577,12/27/2020,138,88,15,16,5,2,314.0465116,88,314.0465116
578,12/28/2020,145,90,11,20,2,2,319.4186047,90,319.4186047
579,12/29/2020,148,72,11,17,4,2,321.7209302,72,321.7209302
580,12/30/2020,115,66,13,18,2,3,282.9310345,66,282.9310345
581,2/11/2021,135,79,14,22,1,3,311.744186,79,311.744186
582,2/12/2021,127,70,12,12,2,1,305.6046512,70,305.6046512
583,2/18/2021,129,68,14,13,2,1,307.1395349,68,307.1395349
584,2/19/2021,125,47,11,15,3,1,304.0697674,47,304.0697674
585,2/20/2021,77,36,9,16,2,2,155.6206897,36,155.6206897
586,2/21/2021,49,43,9,17,2,2,81.4137931,43,81.4137931
587,2/22/2021,56,59,12,19,2,2,93.24137931,59,93.24137931
588,2/23/2021,87,71,14,22,2,2,189.7586207,71,189.7586207
589,2/24/2021,124,78,16,20,1,3,303.3023256,78,303.3023256
590,2/25/2021,130,74,18,19,2,2,307.9069767,74,307.9069767
591,2/26/2021,126,77,19,20,2,2,304.8372093,77,304.8372093
592,2/27/2021,129,72,15,24,1,2,307.1395349,72,307.1395349
593,2/28/2021,114,73,13,30,2,4,279.5172414,73,279.5172414
594,3/1/2021,101,73,16,21,2,2,235.137931,73,235.137931
595,3/2/2021,116,79,13,25,2,2,286.3448276,79,286.3448276
596,3/3/2021,126,69,12,24,2,2,304.8372093,69,304.8372093
597,3/4/2021,98,60,12,22,2,2,224.8965517,60,224.8965517
598,3/5/2021,78,59,16,19,2,1,159.0344828,59,159.0344828
599,3/6/2021,84,64,14,21,2,1,179.5172414,64,179.5172414
600,3/7/2021,92,50,10,20,1,3,204.4137931,50,204.4137931
601,3/10/2021,54,49,11,12,2,2,89.86206897,49,89.86206897
602,3/11/2021,64,56,12,20,2,1,111.2413793,56,111.2413793
603,3/12/2021,79,56,13,19,2,2,162.4482759,56,162.4482759
604,3/13/2021,70,53,13,16,2,2,131.7241379,53,131.7241379
605,3/14/2021,73,56,14,19,2,2,141.9655172,56,141.9655172
606,3/15/2021,79,62,15,21,2,2,162.4482759,62,162.4482759
607,3/16/2021,90,67,14,23,2,2,200,67,200
608,3/17/2021,111,75,15,23,2,2,269.2758621,75,269.2758621
609,3/18/2021,129,78,16,23,2,2,307.1395349,78,307.1395349
610,3/19/2021,131,71,16,21,2,2,308.6744186,71,308.6744186
611,3/20/2021,115,71,17,20,2,2,282.9310345,71,282.9310345
612,3/21/2021,113,81,13,24,2,2,276.1034483,81,276.1034483
613,3/22/2021,110,66,13,15,2,2,265.862069,66,265.862069
614,3/23/2021,95,68,10,23,1,2,214.6551724,68,214.6551724
615,3/24/2021,94,68,11,20,2,2,211.2413793,68,211.2413793
616,3/25/2021,99,88,13,23,1,2,228.3103448,88,228.3103448
617,3/26/2021,139,83,14,21,2,2,314.8139535,83,314.8139535
618,3/27/2021,137,84,15,15,2,1,313.2790698,84,313.2790698
619,3/28/2021,152,83,16,19,2,2,324.7906977,83,324.7906977
620,3/29/2021,145,75,16,11,2,2,319.4186047,75,319.4186047
621,3/30/2021,124,84,17,16,1,2,303.3023256,84,303.3023256
622,3/31/2021,138,70,17,10,2,2,314.0465116,70,314.0465116
623,4/1/2021,108,67,16,9,2,2,259.0344828,67,259.0344828
624,4/2/2021,82,83,18,11,1,3,172.6896552,83,172.6896552
625,4/3/2021,106,82,16,7,2,2,252.2068966,82,252.2068966
626,4/4/2021,103,100,15,20,2,2,241.9655172,100,241.9655172
627,4/5/2021,132,93,16,15,2,1,309.4418605,93,309.4418605
628,4/6/2021,148,81,16,17,2,2,321.7209302,81,321.7209302
629,4/7/2021,120,90,16,19,2,2,300,90,300
630,4/8/2021,135,82,16,17,2,1,311.744186,82,311.744186
631,4/9/2021,125,83,16,16,2,1,304.0697674,83,304.0697674
632,4/10/2021,129,63,14,11,2,1,307.1395349,63,307.1395349
633,4/11/2021,96,57,11,12,2,2,218.0689655,57,218.0689655
634,4/12/2021,77,51,11,10,2,2,155.6206897,51,155.6206897
635,4/13/2021,74,45,13,9,3,2,145.3793103,45,145.3793103
636,4/14/2021,66,33,15,9,3,2,118.0689655,33,118.0689655
637,4/15/2021,50,44,16,12,3,2,83.10344828,44,83.10344828
638,4/16/2021,67,53,19,11,2,2,121.4827586,53,121.4827586
639,4/17/2021,82,61,16,11,2,2,172.6896552,61,172.6896552
640,4/18/2021,99,48,16,10,3,2,228.3103448,48,228.3103448
641,4/19/2021,93,72,17,9,2,1,207.8275862,72,207.8275862
642,4/20/2021,92,85,16,8,2,2,204.4137931,85,204.4137931
643,4/21/2021,113,83,17,13,2,1,276.1034483,83,276.1034483
644,4/22/2021,113,37,17,6,2,3,276.1034483,37,276.1034483
645,4/23/2021,63,41,16,6,2,1,107.8275862,41,107.8275862
646,4/24/2021,82,62,14,7,2,2,172.6896552,62,172.6896552
647,4/25/2021,120,73,15,15,2,2,300,73,300
648,4/26/2021,133,74,15,14,2,2,310.2093023,74,310.2093023
649,4/27/2021,134,75,16,8,2,1,310.9767442,75,310.9767442
650,4/28/2021,143,66,17,6,2,1,317.8837209,66,317.8837209
651,4/29/2021,121,58,15,7,2,2,301,58,301
652,4/30/2021,114,63,14,6,2,2,279.5172414,63,279.5172414
653,5/1/2021,124,42,14,4,2,1,303.3023256,42,303.3023256
654,5/2/2021,82,28,12,6,3,2,172.6896552,28,172.6896552
655,5/3/2021,50,37,13,5,2,1,83.10344828,37,83.10344828
656,5/4/2021,65,47,14,6,2,1,114.6551724,47,114.6551724
657,5/5/2021,84,44,13,6,2,1,179.5172414,44,179.5172414
658,5/6/2021,66,33,11,6,2,2,118.0689655,33,118.0689655
659,5/7/2021,44,34,12,5,3,2,72.96551724,34,72.96551724
660,5/8/2021,51,28,12,5,2,1,84.79310345,28,84.79310345
661,5/9/2021,40,29,13,4,2,1,66.20689655,29,66.20689655
662,5/10/2021,54,29,13,3,2,1,89.86206897,29,89.86206897
663,5/11/2021,54,31,14,3,2,2,89.86206897,31,89.86206897
664,5/12/2021,59,20,13,4,2,1,98.31034483,20,98.31034483
665,5/13/2021,38,16,11,4,2,1,62.82758621,16,62.82758621
666,5/14/2021,24,7,10,3,2,1,40,7,40
667,5/15/2021,17,9,10,2,2,1,28.33333333,9,28.33333333
668,5/16/2021,21,13,11,2,3,2,35,13,35
669,5/17/2021,18,16,10,3,3,1,30,16,30
670,5/18/2021,14,11,11,2,2,1,23.33333333,11,23.33333333
671,5/19/2021,12,13,9,2,2,2,20,13,20
672,5/20/2021,31,14,9,3,3,1,51,14,51
673,5/21/2021,23,16,11,2,2,1,38.33333333,16,38.33333333
674,5/22/2021,29,21,11,2,2,2,48.33333333,21,48.33333333
675,5/23/2021,35,36,11,2,2,1,57.75862069,36,57.75862069
676,5/24/2021,45,35,12,2,3,1,74.65517241,35,74.65517241
677,5/25/2021,45,37,11,2,3,1,74.65517241,37,74.65517241
678,5/26/2021,47,34,11,2,3,1,78.03448276,34,78.03448276
679,5/27/2021,43,36,11,2,3,1,71.27586207,36,71.27586207
680,5/28/2021,47,26,11,2,3,1,78.03448276,26,78.03448276
681,5/29/2021,34,13,10,2,3,1,56.06896552,13,56.06896552
682,5/30/2021,14,16,10,2,2,1,23.33333333,16,23.33333333
683,5/31/2021,19,18,10,2,3,1,31.66666667,18,31.66666667
684,6/1/2021,25,14,11,4,3,1,41.66666667,14,41.66666667
685,6/2/2021,19,30,11,4,3,1,31.66666667,30,31.66666667
686,6/3/2021,67,26,12,5,2,1,121.4827586,26,121.4827586
687,6/5/2021,40,16,9,2,3,1,66.20689655,16,66.20689655
688,6/18/2021,70,56,9,2,3,1,131.7241379,56,131.7241379
689,6/20/2021,74,43,10,3,3,2,145.3793103,43,145.3793103
690,6/21/2021,62,58,10,3,3,2,104.4137931,58,104.4137931
691,6/22/2021,85,61,10,4,3,2,182.9310345,61,182.9310345
692,6/23/2021,82,57,9,3,2,2,172.6896552,57,172.6896552
693,6/24/2021,59,63,10,3,2,2,98.31034483,63,98.31034483
694,6/25/2021,71,32,9,2,3,2,135.137931,32,135.137931
695,6/26/2021,37,25,9,3,3,2,61.13793103,25,61.13793103
696,6/27/2021,32,42,10,8,2,3,52.68965517,42,52.68965517
697,6/28/2021,42,45,14,7,2,3,69.5862069,45,69.5862069
698,6/29/2021,55,44,12,7,2,3,91.55172414,44,91.55172414
699,6/30/2021,52,34,11,6,2,2,86.48275862,34,86.48275862
700,7/1/2021,46,19,10,3,2,2,76.34482759,19,76.34482759
701,7/2/2021,17,27,10,3,2,2,28.33333333,27,28.33333333
702,7/3/2021,29,18,10,2,3,2,48.33333333,18,48.33333333
703,7/4/2021,22,20,10,3,3,2,36.66666667,20,36.66666667
704,7/5/2021,33,35,12,7,3,3,54.37931034,35,54.37931034
705,7/6/2021,62,33,11,7,1,3,104.4137931,33,104.4137931
706,7/7/2021,64,30,11,6,2,3,111.2413793,30,111.2413793
707,7/8/2021,49,29,10,4,2,3,81.4137931,29,81.4137931
708,7/9/2021,52,26,10,3,3,2,86.48275862,26,86.48275862
709,7/10/2021,60,33,10,3,3,2,100,33,100
710,7/11/2021,66,40,10,3,3,2,118.0689655,40,118.0689655
711,7/12/2021,65,28,9,4,3,3,114.6551724,28,114.6551724
712,7/13/2021,50,15,8,5,3,4,83.10344828,15,83.10344828
713,7/14/2021,15,11,8,4,3,4,25,11,25
714,7/15/2021,16,13,8,4,3,3,26.66666667,13,26.66666667
715,7/16/2021,25,19,8,4,2,3,41.66666667,19,41.66666667
716,7/17/2021,31,18,11,3,3,3,51,18,51
717,7/18/2021,39,24,9,4,3,4,64.51724138,24,64.51724138
718,7/19/2021,44,35,9,4,3,3,72.96551724,35,72.96551724
719,7/20/2021,53,32,8,4,3,3,88.17241379,32,88.17241379
720,7/21/2021,52,27,8,4,3,3,86.48275862,27,86.48275862
721,7/22/2021,47,29,8,4,3,3,78.03448276,29,78.03448276
722,7/23/2021,48,32,8,4,3,4,79.72413793,32,79.72413793
723,7/24/2021,50,28,8,3,3,3,83.10344828,28,83.10344828
724,7/25/2021,45,27,8,3,3,3,74.65517241,27,74.65517241
725,7/26/2021,43,32,9,3,3,3,71.27586207,32,71.27586207
726,7/27/2021,51,30,9,3,3,3,84.79310345,30,84.79310345
727,7/28/2021,45,40,9,4,3,3,74.65517241,40,74.65517241
728,7/29/2021,55,34,9,3,3,3,91.55172414,34,91.55172414
729,7/30/2021,50,33,9,4,3,2,83.10344828,33,83.10344828
730,7/31/2021,50,30,8,3,3,3,83.10344828,30,83.10344828
731,8/1/2021,47,34,9,3,3,3,78.03448276,34,78.03448276
732,8/2/2021,57,31,9,3,3,4,94.93103448,31,94.93103448
733,8/3/2021,47,32,9,5,3,4,78.03448276,32,78.03448276
734,8/4/2021,45,34,8,4,3,3,74.65517241,34,74.65517241
735,8/5/2021,51,34,9,4,3,3,84.79310345,34,84.79310345
736,8/6/2021,48,29,9,4,3,3,79.72413793,29,79.72413793
737,8/7/2021,46,30,9,3,2,4,76.34482759,30,76.34482759
738,8/8/2021,51,30,9,4,3,2,84.79310345,30,84.79310345
739,8/9/2021,55,30,8,4,3,4,91.55172414,30,91.55172414
740,8/10/2021,46,38,9,3,3,2,76.34482759,38,76.34482759
741,8/11/2021,56,32,9,4,3,4,93.24137931,32,93.24137931
742,8/12/2021,49,39,9,3,3,4,81.4137931,39,81.4137931
743,8/13/2021,60,40,9,4,3,3,100,40,100
744,8/16/2021,63,39,8,5,3,3,107.8275862,39,107.8275862
745,8/17/2021,61,34,9,4,3,3,101,34,101
746,8/18/2021,58,28,9,3,3,3,96.62068966,28,96.62068966
747,8/19/2021,50,42,9,4,3,3,83.10344828,42,83.10344828
748,8/20/2021,67,44,8,7,3,4,121.4827586,44,121.4827586
749,8/21/2021,69,37,8,11,3,3,128.3103448,37,128.3103448
750,8/22/2021,64,33,9,5,2,4,111.2413793,33,111.2413793
751,8/23/2021,61,32,9,6,2,4,101,32,101
752,8/24/2021,57,31,8,6,2,5,94.93103448,31,94.93103448
753,8/25/2021,55,22,9,5,2,3,91.55172414,22,91.55172414
754,8/26/2021,41,24,8,7,2,3,67.89655172,24,67.89655172
755,8/27/2021,36,18,8,4,3,3,59.44827586,18,59.44827586
756,8/28/2021,59,25,8,3,2,3,98.31034483,25,98.31034483
757,8/29/2021,49,31,9,4,3,5,81.4137931,31,81.4137931
758,8/30/2021,47,47,9,4,3,2,78.03448276,47,78.03448276
759,8/31/2021,61,39,9,4,2,3,101,39,101
760,9/1/2021,63,28,8,4,3,4,107.8275862,28,107.8275862
761,9/2/2021,57,28,9,4,3,3,94.93103448,28,94.93103448
762,9/3/2021,36,28,8,5,3,5,59.44827586,28,59.44827586
763,9/4/2021,50,22,8,4,3,5,83.10344828,22,83.10344828
764,9/5/2021,42,24,9,4,3,4,69.5862069,24,69.5862069
765,9/6/2021,45,24,8,3,4,4,74.65517241,24,74.65517241
766,9/7/2021,49,28,8,4,3,5,81.4137931,28,81.4137931
767,9/8/2021,54,36,8,4,3,3,89.86206897,36,89.86206897
768,9/9/2021,57,34,9,3,3,3,94.93103448,34,94.93103448
769,9/10/2021,55,32,8,3,3,4,91.55172414,32,91.55172414
770,9/11/2021,59,28,8,3,3,4,98.31034483,28,98.31034483
771,9/12/2021,47,30,8,3,3,3,78.03448276,30,78.03448276
772,9/13/2021,50,38,9,3,3,3,83.10344828,38,83.10344828
773,9/14/2021,58,43,9,5,3,3,96.62068966,43,96.62068966
774,9/15/2021,58,52,9,5,3,6,96.62068966,52,96.62068966
775,9/16/2021,67,57,9,6,3,3,121.4827586,57,121.4827586
776,9/17/2021,77,55,10,6,3,3,155.6206897,55,155.6206897
777,9/18/2021,68,54,11,5,3,3,124.8965517,54,124.8965517
778,9/19/2021,71,47,9,12,3,5,135.137931,47,135.137931
779,9/20/2021,67,30,9,6,3,3,121.4827586,30,121.4827586
780,9/21/2021,52,26,8,5,3,3,86.48275862,26,86.48275862
781,9/22/2021,51,31,8,5,3,3,84.79310345,31,84.79310345
782,9/23/2021,52,40,9,8,3,4,86.48275862,40,86.48275862
783,9/24/2021,62,32,9,5,2,4,104.4137931,32,104.4137931
784,9/25/2021,51,22,8,4,3,3,84.79310345,22,84.79310345
785,9/26/2021,42,23,8,5,3,3,69.5862069,23,69.5862069
786,9/27/2021,51,32,8,4,3,3,84.79310345,32,84.79310345
787,9/28/2021,49,36,9,4,3,3,81.4137931,36,81.4137931
788,9/29/2021,51,44,9,7,3,4,84.79310345,44,84.79310345
789,9/30/2021,61,44,9,8,2,3,101,44,101
790,10/1/2021,62,47,7,10,3,4,104.4137931,47,104.4137931
791,10/2/2021,69,34,7,9,3,3,128.3103448,34,128.3103448
792,10/3/2021,56,38,7,14,3,4,93.24137931,38,93.24137931
793,10/4/2021,55,39,7,10,3,4,91.55172414,39,91.55172414
794,10/5/2021,58,27,8,7,3,4,96.62068966,27,96.62068966
795,10/6/2021,53,31,10,7,3,4,88.17241379,31,88.17241379
796,10/7/2021,55,29,8,9,3,5,91.55172414,29,91.55172414
797,10/8/2021,60,22,8,7,3,5,100,22,100
798,10/9/2021,48,22,8,6,3,3,79.72413793,22,79.72413793
799,10/10/2021,46,28,8,7,2,4,76.34482759,28,76.34482759
800,10/11/2021,55,18,8,6,3,4,91.55172414,18,91.55172414
801,10/12/2021,40,21,8,6,3,3,66.20689655,21,66.20689655
802,10/13/2021,39,24,8,5,2,3,64.51724138,24,64.51724138
803,10/14/2021,46,51,10,9,2,4,76.34482759,51,76.34482759
804,10/15/2021,94,64,12,11,2,4,211.2413793,64,211.2413793
805,10/16/2021,125,51,10,6,3,3,304.0697674,51,304.0697674
806,10/17/2021,83,57,10,6,3,3,176.1034483,57,176.1034483
807,10/18/2021,89,64,10,7,3,3,196.5862069,64,196.5862069
808,10/19/2021,90,73,10,12,2,4,200,73,200
809,10/20/2021,110,67,10,14,3,4,265.862069,67,265.862069
810,10/21/2021,110,64,9,12,3,4,265.862069,64,265.862069
811,10/22/2021,101,49,9,19,3,6,235.137931,49,235.137931
812,10/23/2021,80,21,9,6,3,2,165.862069,21,165.862069
813,10/24/2021,46,59,8,12,3,3,76.34482759,59,76.34482759
814,10/25/2021,106,71,8,11,3,4,252.2068966,71,252.2068966
815,10/26/2021,136,80,8,12,3,4,312.5116279,80,312.5116279
816,10/27/2021,153,77,9,9,3,4,325.5581395,77,325.5581395
817,10/28/2021,154,62,7,10,3,4,326.3255814,62,326.3255814
818,10/29/2021,115,36,7,10,3,4,282.9310345,36,282.9310345
819,10/30/2021,60,31,7,9,3,4,100,31,100
820,10/31/2021,61,25,7,8,3,4,101,25,101
821,11/1/2021,44,35,7,16,3,5,72.96551724,35,72.96551724
822,11/2/2021,53,44,7,9,2,5,88.17241379,44,88.17241379
823,11/3/2021,73,44,7,7,2,4,141.9655172,44,141.9655172
824,11/4/2021,75,27,7,5,2,4,148.7931034,27,148.7931034
825,11/5/2021,68,21,7,4,3,3,124.8965517,21,124.8965517
826,11/6/2021,57,52,8,7,3,5,94.93103448,52,94.93103448
827,11/7/2021,115,77,8,9,3,6,282.9310345,77,282.9310345
828,11/8/2021,158,74,9,8,2,5,329.3953488,74,329.3953488
829,11/9/2021,152,73,8,6,3,5,324.7906977,73,324.7906977
830,11/10/2021,146,55,8,3,3,6,320.1860465,55,320.1860465
831,11/11/2021,128,24,8,3,3,5,306.372093,24,306.372093
832,11/12/2021,55,47,7,11,3,6,91.55172414,47,91.55172414
833,11/13/2021,88,34,7,7,2,5,193.1724138,34,193.1724138
834,11/14/2021,66,37,8,7,2,6,118.0689655,37,118.0689655
835,11/15/2021,71,48,7,13,2,5,135.137931,48,135.137931
836,11/16/2021,86,43,7,12,2,5,186.3448276,43,186.3448276
837,11/17/2021,72,19,8,6,2,6,138.5517241,19,138.5517241
838,11/18/2021,47,29,8,7,3,5,78.03448276,29,78.03448276
839,11/19/2021,63,28,7,6,3,6,107.8275862,28,107.8275862
840,11/20/2021,63,41,8,5,3,6,107.8275862,41,107.8275862
841,11/21/2021,75,37,7,10,3,6,148.7931034,37,148.7931034
842,11/22/2021,65,42,7,12,3,6,114.6551724,42,114.6551724
843,11/23/2021,60,45,7,12,2,6,100,45,100
844,11/24/2021,74,44,7,13,3,5,145.3793103,44,145.3793103
845,11/25/2021,75,58,7,9,3,5,148.7931034,58,148.7931034
846,11/26/2021,108,66,7,8,3,5,259.0344828,66,259.0344828
847,11/27/2021,137,46,7,7,3,5,313.2790698,46,313.2790698
848,11/28/2021,97,52,7,14,3,5,221.4827586,52,221.4827586
849,11/29/2021,78,49,7,12,2,5,159.0344828,49,159.0344828
850,11/30/2021,75,75,7,13,2,5,148.7931034,75,148.7931034
851,12/1/2021,113,78,7,12,2,5,276.1034483,78,276.1034483
852,12/2/2021,147,67,8,7,2,5,320.9534884,67,320.9534884
853,12/3/2021,135,81,8,8,3,5,311.744186,81,311.744186
854,12/4/2021,146,55,8,6,4,5,320.1860465,55,320.1860465
855,12/8/2021,114,60,7,13,3,5,279.5172414,60,279.5172414
856,12/9/2021,95,64,7,17,3,5,214.6551724,64,214.6551724
857,12/10/2021,93,48,7,8,2,5,207.8275862,48,207.8275862
858,12/11/2021,84,53,7,12,2,5,179.5172414,53,179.5172414
859,12/12/2021,83,47,7,9,3,4,176.1034483,47,176.1034483
860,12/13/2021,85,59,18,16,3,2,182.9310345,59,182.9310345
861,12/14/2021,84,68,9,10,3,2,179.5172414,68,179.5172414
862,12/15/2021,117,73,9,9,2,2,289.7586207,73,289.7586207
863,12/16/2021,136,80,10,10,3,2,312.5116279,80,312.5116279
864,12/17/2021,148,87,10,9,3,2,321.7209302,87,321.7209302
865,12/18/2021,156,75,9,9,3,2,327.8604651,75,327.8604651
866,12/19/2021,132,76,10,12,3,2,309.4418605,76,309.4418605
867,12/20/2021,131,101,11,14,2,4,308.6744186,101,308.6744186
868,12/21/2021,158,92,10,14,2,3,329.3953488,92,329.3953488
869,12/22/2021,145,90,12,13,2,5,319.4186047,90,319.4186047
870,12/23/2021,143,87,10,12,3,4,317.8837209,87,317.8837209
871,12/24/2021,133,79,14,12,2,2,310.2093023,79,310.2093023
872,12/25/2021,132,72,11,10,3,3,309.4418605,72,309.4418605
873,12/26/2021,119,80,9,20,3,2,296.5862069,80,296.5862069
874,12/27/2021,125,65,9,8,3,2,304.0697674,65,304.0697674
875,12/29/2021,102,60,9,9,3,3,238.5517241,60,238.5517241
876,12/30/2021,87,44,9,7,3,3,189.7586207,44,189.7586207
877,12/31/2021,65,39,9,7,3,2,114.6551724,39,114.6551724
878,1/2/2022,38,63,10,6,3,3,62.82758621,63,63
879,1/3/2022,84,66,9,7,3,3,179.5172414,66,179.5172414
880,1/4/2022,110,75,18,15,3,3,265.862069,75,265.862069
881,1/10/2022,89,54,16,13,3,3,196.5862069,54,196.5862069
882,2/8/2022,113,75,9,5,3,3,276.1034483,75,276.1034483
883,2/9/2022,111,65,8,4,3,3,269.2758621,65,269.2758621
884,2/10/2022,96,63,8,5,3,3,218.0689655,63,218.0689655
885,2/11/2022,80,57,11,5,3,3,165.862069,57,165.862069
886,2/12/2022,77,62,8,4,2,4,155.6206897,62,155.6206897
887,2/13/2022,94,63,8,4,3,3,211.2413793,63,211.2413793
888,2/14/2022,98,67,15,3,3,3,224.8965517,67,224.8965517
889,2/15/2022,133,71,10,3,3,3,310.2093023,71,310.2093023
890,2/16/2022,126,77,9,5,3,10,304.8372093,77,304.8372093
891,2/17/2022,129,65,8,4,3,5,307.1395349,65,307.1395349
892,2/18/2022,105,66,9,3,3,4,248.7931034,66,248.7931034
893,2/21/2022,122,87,14,3,3,5,301.7674419,87,301.7674419
894,2/22/2022,154,61,7,5,3,3,326.3255814,61,326.3255814
895,2/23/2022,83,47,10,5,3,3,176.1034483,47,176.1034483
896,2/24/2022,63,72,7,4,2,4,107.8275862,72,107.8275862
897,3/5/2022,73,51,9,4,3,3,141.9655172,51,141.9655172
898,3/6/2022,70,59,9,5,3,4,131.7241379,59,131.7241379
899,3/7/2022,88,66,12,4,3,3,193.1724138,66,193.1724138
900,3/8/2022,110,73,9,4,3,3,265.862069,73,265.862069
901,3/9/2022,132,78,9,5,2,3,309.4418605,78,309.4418605
902,3/10/2022,137,73,8,6,2,3,313.2790698,73,313.2790698
903,3/11/2022,124,76,8,6,1,3,303.3023256,76,303.3023256
904,3/12/2022,129,74,9,4,2,2,307.1395349,74,307.1395349
905,3/13/2022,126,92,21,10,1,5,304.8372093,92,304.8372093
906,3/14/2022,144,88,25,4,1,2,318.6511628,88,318.6511628
907,3/15/2022,143,91,24,7,2,3,317.8837209,91,317.8837209
908,3/16/2022,154,95,10,6,1,2,326.3255814,95,326.3255814
909,3/17/2022,146,86,22,8,1,3,320.1860465,86,320.1860465
910,3/18/2022,146,69,18,3,1,2,320.1860465,69,320.1860465
911,3/19/2022,124,55,8,3,2,4,303.3023256,55,303.3023256
912,3/20/2022,94,64,12,3,2,4,211.2413793,64,211.2413793
913,3/21/2022,103,60,21,3,2,3,241.9655172,60,241.9655172
914,3/22/2022,113,82,19,5,1,3,276.1034483,82,276.1034483
915,3/23/2022,152,79,18,4,2,3,324.7906977,79,324.7906977
916,3/24/2022,151,74,10,3,2,3,324.0232558,74,324.0232558
917,3/25/2022,130,74,10,3,2,2,307.9069767,74,307.9069767
918,3/26/2022,127,72,9,4,2,2,305.6046512,72,305.6046512
919,3/27/2022,124,71,11,4,2,3,303.3023256,71,303.3023256
920,3/28/2022,122,72,11,3,2,3,301.7674419,72,301.7674419
921,3/29/2022,118,78,10,3,2,3,293.1724138,78,293.1724138
922,3/30/2022,134,72,10,3,1,3,310.9767442,72,310.9767442
923,3/31/2022,114,71,11,2,2,2,279.5172414,71,279.5172414
924,4/1/2022,131,69,10,3,2,3,308.6744186,69,308.6744186
925,4/2/2022,119,67,10,3,1,2,296.5862069,67,296.5862069
926,4/3/2022,119,72,18,5,1,3,296.5862069,72,296.5862069
927,4/4/2022,132,67,9,4,2,2,309.4418605,67,309.4418605
928,4/5/2022,109,75,10,5,3,3,262.4482759,75,262.4482759
929,4/6/2022,129,73,10,4,2,2,307.1395349,73,307.1395349
930,4/7/2022,126,60,9,4,2,3,304.8372093,60,304.8372093
931,4/8/2022,87,55,10,4,3,3,189.7586207,55,189.7586207
932,4/9/2022,79,49,9,3,3,3,162.4482759,49,162.4482759
933,4/10/2022,67,50,8,4,3,3,121.4827586,50,121.4827586
934,4/11/2022,69,44,8,3,2,2,128.3103448,44,128.3103448
935,4/12/2022,54,35,8,4,2,2,89.86206897,35,89.86206897
936,4/13/2022,61,38,11,3,2,3,101,38,101
937,4/14/2022,60,34,14,2,2,3,100,34,100
938,4/15/2022,57,41,12,2,2,2,94.93103448,41,94.93103448
939,4/16/2022,74,50,11,2,2,3,145.3793103,50,145.3793103
940,4/17/2022,96,31,11,2,3,3,218.0689655,31,218.0689655
941,4/18/2022,61,56,11,4,2,3,101,56,101
942,4/19/2022,95,66,11,4,2,3,214.6551724,66,214.6551724
943,4/20/2022,114,79,14,4,1,2,279.5172414,79,279.5172414
944,4/21/2022,145,71,13,4,1,3,319.4186047,71,319.4186047
945,4/22/2022,135,54,10,4,2,3,311.744186,54,311.744186
946,4/23/2022,89,51,10,3,2,2,196.5862069,51,196.5862069
947,4/24/2022,72,69,13,4,2,3,138.5517241,69,138.5517241
948,4/25/2022,118,67,12,4,2,3,293.1724138,67,293.1724138
949,4/26/2022,112,78,11,5,2,3,272.6896552,78,272.6896552
950,4/27/2022,125,78,17,5,3,3,304.0697674,78,304.0697674
951,4/28/2022,131,69,14,4,2,3,308.6744186,69,308.6744186
952,4/29/2022,119,59,15,2,2,3,296.5862069,59,296.5862069
953,5/1/2022,86,47,10,3,3,3,186.3448276,47,186.3448276
954,5/2/2022,83,45,12,2,2,3,176.1034483,45,176.1034483
955,5/3/2022,56,37,12,2,3,3,93.24137931,37,93.24137931
956,5/4/2022,48,39,10,2,3,3,79.72413793,39,79.72413793
957,5/5/2022,50,48,17,3,3,3,83.10344828,48,83.10344828
958,5/6/2022,60,54,13,3,3,2,100,54,100
959,5/7/2022,76,56,12,2,3,2,152.2068966,56,152.2068966
960,5/8/2022,86,54,11,2,3,2,186.3448276,54,186.3448276
961,5/9/2022,89,54,9,2,2,3,196.5862069,54,196.5862069
962,5/10/2022,77,47,7,1,2,2,155.6206897,47,155.6206897
963,5/11/2022,68,28,7,1,2,2,124.8965517,28,124.8965517
964,5/12/2022,54,48,8,2,2,2,89.86206897,48,89.86206897
965,5/14/2022,70,51,8,2,1,2,131.7241379,51,131.7241379
966,5/16/2022,59,32,7,2,2,2,98.31034483,32,98.31034483
967,5/17/2022,62,21,7,3,2,2,104.4137931,21,104.4137931
968,5/18/2022,41,22,7,2,2,2,67.89655172,22,67.89655172
969,5/19/2022,40,60,7,1,2,3,66.20689655,60,66.20689655
970,5/20/2022,70,53,8,1,1,2,131.7241379,53,131.7241379
971,5/21/2022,72,39,8,1,2,3,138.5517241,39,138.5517241
972,5/22/2022,51,33,8,2,2,3,84.79310345,33,84.79310345
973,5/23/2022,41,49,8,2,2,3,67.89655172,49,67.89655172
974,5/24/2022,54,53,8,3,2,3,89.86206897,53,89.86206897
975,5/25/2022,57,63,10,2,1,2,94.93103448,63,94.93103448
976,5/26/2022,76,60,9,3,2,2,152.2068966,60,152.2068966
977,5/27/2022,67,55,8,2,2,2,121.4827586,55,121.4827586
978,5/28/2022,57,42,8,2,3,3,94.93103448,42,94.93103448
979,5/29/2022,49,46,15,2,3,2,81.4137931,46,81.4137931
980,5/31/2022,44,40,12,2,2,3,72.96551724,40,72.96551724
981,6/1/2022,48,44,13,2,1,2,79.72413793,44,79.72413793
982,6/2/2022,57,51,9,2,2,3,94.93103448,51,94.93103448
983,6/3/2022,59,38,11,2,2,3,98.31034483,38,98.31034483
984,6/4/2022,55,43,11,2,2,3,91.55172414,43,91.55172414
985,6/5/2022,67,24,12,2,2,3,121.4827586,24,121.4827586
986,6/6/2022,44,33,12,2,2,3,72.96551724,33,72.96551724
987,6/7/2022,47,24,12,2,2,2,78.03448276,24,78.03448276
988,6/8/2022,35,20,11,2,3,2,57.75862069,20,57.75862069
989,6/9/2022,26,26,8,2,3,2,43.33333333,26,43.33333333
990,6/10/2022,24,28,8,2,3,2,40,28,40
991,6/11/2022,26,19,8,2,3,2,43.33333333,19,43.33333333
992,6/12/2022,14,21,9,2,3,2,23.33333333,21,23.33333333
993,6/13/2022,17,19,9,2,3,2,28.33333333,19,28.33333333
994,6/14/2022,24,22,9,2,2,2,40,22,40
995,6/15/2022,33,28,7,2,3,3,54.37931034,28,54.37931034
996,6/16/2022,42,27,8,2,3,3,69.5862069,27,69.5862069
997,6/17/2022,57,32,10,2,2,3,94.93103448,32,94.93103448
998,6/18/2022,61,26,7,2,2,2,101,26,101
999,6/19/2022,49,36,8,2,2,2,81.4137931,36,81.4137931
1000,6/20/2022,61,30,8,2,3,3,101,30,101
1001,6/21/2022,49,32,7,2,2,3,81.4137931,32,81.4137931
1002,6/22/2022,56,33,8,2,2,3,93.24137931,33,93.24137931
1003,6/23/2022,56,30,8,2,2,2,93.24137931,30,93.24137931
1004,6/24/2022,46,44,7,2,2,2,76.34482759,44,76.34482759
1005,6/25/2022,58,51,7,2,2,2,96.62068966,51,96.62068966
1006,6/26/2022,62,48,8,2,3,2,104.4137931,48,104.4137931
1007,6/27/2022,62,43,7,2,3,2,104.4137931,43,104.4137931
1008,6/28/2022,59,30,8,2,2,2,98.31034483,30,98.31034483
1009,6/29/2022,48,31,7,5,3,4,79.72413793,31,79.72413793
1010,6/30/2022,52,39,8,5,2,8,86.48275862,39,86.48275862
1011,7/1/2022,58,52,8,3,3,5,96.62068966,52,96.62068966
1012,7/2/2022,67,47,8,4,3,2,121.4827586,47,121.4827586
1013,7/3/2022,62,32,8,4,3,2,104.4137931,32,104.4137931
1014,7/4/2022,47,32,7,4,1,3,78.03448276,32,78.03448276
1015,7/8/2022,60,34,1,5,1,3,100,34,100
1016,7/10/2022,50,33,4,4,1,2,83.10344828,33,83.10344828
1017,7/13/2022,57,30,5,4,1,2,94.93103448,30,94.93103448
1018,7/14/2022,51,36,3,4,1,2,84.79310345,36,84.79310345
1019,7/15/2022,55,32,3,5,1,3,91.55172414,32,91.55172414
1020,7/17/2022,52,30,3,5,1,2,86.48275862,30,86.48275862
1021,7/18/2022,59,43,8,7,1,2,98.31034483,43,98.31034483
1022,7/19/2022,61,47,7,5,1,2,101,47,101
1023,7/20/2022,61,38,8,5,1,3,101,38,101
1024,7/21/2022,54,48,4,5,2,3,89.86206897,48,89.86206897
1025,7/22/2022,65,43,7,7,2,2,114.6551724,43,114.6551724
1026,7/23/2022,65,36,3,6,2,2,114.6551724,36,114.6551724
1027,7/24/2022,56,40,10,4,2,2,93.24137931,40,93.24137931
1028,7/25/2022,60,39,6,5,2,2,100,39,100
1029,7/26/2022,55,39,6,11,2,3,91.55172414,39,91.55172414
1030,8/4/2022,66,25,6,6,2,2,118.0689655,25,118.0689655
1031,8/5/2022,54,25,7,6,1,2,89.86206897,25,89.86206897
1032,9/6/2022,59,23,4,8,2,2,98.31034483,23,98.31034483
1033,9/14/2022,49,40,6,10,2,2,81.4137931,40,81.4137931
1034,9/16/2022,58,40,10,5,2,2,96.62068966,40,96.62068966
1035,9/18/2022,60,40,15,6,2,2,100,40,100
1036,9/19/2022,59,46,14,6,2,3,98.31034483,46,98.31034483
1037,9/22/2022,78,46,8,5,1,3,159.0344828,46,159.0344828
1038,9/26/2022,64,41,24,6,1,3,111.2413793,41,111.2413793
1039,9/27/2022,65,47,30,10,1,3,114.6551724,47,114.6551724
1040,9/28/2022,73,39,26,5,1,3,141.9655172,39,141.9655172
1041,9/29/2022,62,36,29,6,1,2,104.4137931,36,104.4137931
1042,10/24/2022,132,73,35,8,1,2,309.4418605,73,309.4418605
1043,10/25/2022,134,98,27,13,1,4,310.9767442,98,310.9767442
1044,10/26/2022,173,65,8,14,1,3,340.9069767,65,340.9069767
1045,10/27/2022,116,64,6,15,1,2,286.3448276,64,286.3448276
1046,10/28/2022,128,60,9,17,1,3,306.372093,60,306.372093
1047,10/29/2022,126,56,6,9,1,2,304.8372093,56,304.8372093
1048,10/30/2022,117,76,20,14,1,3,289.7586207,76,289.7586207
1049,10/31/2022,149,57,13,11,1,3,322.4883721,57,322.4883721
1050,11/1/2022,112,33,4,10,1,3,272.6896552,33,272.6896552
1051,11/2/2022,59,44,2,11,1,3,98.31034483,44,98.31034483
1052,11/3/2022,72,48,2,11,1,4,138.5517241,48,138.5517241
1053,11/4/2022,70,51,3,11,1,3,131.7241379,51,131.7241379
1054,11/5/2022,86,56,6,11,1,3,186.3448276,56,186.3448276
1055,11/6/2022,114,74,7,11,2,3,279.5172414,74,279.5172414
1056,11/7/2022,144,67,10,11,1,3,318.6511628,67,318.6511628
1057,11/8/2022,133,72,8,10,1,3,310.2093023,72,310.2093023
1058,11/9/2022,142,66,3,10,1,3,317.1162791,66,317.1162791
1059,11/10/2022,133,73,12,9,1,2,310.2093023,73,310.2093023
1060,11/11/2022,155,46,5,9,1,3,327.0930233,46,327.0930233
1061,11/18/2022,126,69,9,12,1,3,304.8372093,69,304.8372093
1062,11/19/2022,138,68,9,9,1,2,314.0465116,68,314.0465116
1063,11/20/2022,142,66,12,8,1,2,317.1162791,66,317.1162791
1064,11/21/2022,135,45,2,8,1,2,311.744186,45,311.744186
1065,11/22/2022,96,24,2,6,1,2,218.0689655,24,218.0689655
1066,11/24/2022,71,62,2,12,1,2,135.137931,62,135.137931
1067,11/29/2022,157,81,34,14,1,3,328.627907,81,328.627907
1068,11/30/2022,163,72,4,14,1,3,333.2325581,72,333.2325581
1069,12/1/2022,143,58,1,14,1,3,317.8837209,58,317.8837209
1070,12/4/2022,45,69,2,13,1,3,74.65517241,69,74.65517241
1071,12/5/2022,81,74,14,12,1,2,169.2758621,74,169.2758621
1072,12/6/2022,132,75,6,14,1,2,309.4418605,75,309.4418605
1073,12/10/2022,20,12,5,31,1,3,33.33333333,12,33.33333333
1074,12/11/2022,20,33,12,21,1,3,33.33333333,33,33.33333333
1075,12/12/2022,170,33,5,17,2,2,338.6046512,33,338.6046512
1076,12/14/2022,45,51,4,18,2,3,74.65517241,51,74.65517241
1077,12/15/2022,61,62,8,19,2,4,101,62,101
1078,12/16/2022,73,62,11,17,2,3,141.9655172,62,141.9655172
1079,12/17/2022,72,72,15,12,1,2,138.5517241,72,138.5517241
1080,12/18/2022,116,74,13,17,1,3,286.3448276,74,286.3448276
1081,12/19/2022,86,64,24,19,2,4,186.3448276,64,186.3448276
1082,12/20/2022,75,54,17,15,2,3,148.7931034,54,148.7931034
1083,12/21/2022,63,55,25,16,2,3,107.8275862,55,107.8275862
1084,12/22/2022,64,68,20,13,2,3,111.2413793,68,111.2413793
1085,12/23/2022,117,64,25,14,2,3,289.7586207,64,289.7586207
1086,12/24/2022,74,44,6,9,2,2,145.3793103,44,145.3793103
1087,12/25/2022,53,29,6,17,2,4,88.17241379,29,88.17241379
1088,12/26/2022,36,40,6,14,2,3,59.44827586,40,59.44827586
1089,12/27/2022,69,46,5,14,1,3,128.3103448,46,128.3103448
1090,12/28/2022,54,46,29,17,1,4,89.86206897,46,89.86206897
1091,12/29/2022,56,52,22,17,1,4,93.24137931,52,93.24137931
1092,12/30/2022,62,61,13,14,1,3,104.4137931,61,104.4137931
1093,12/31/2022,113,61,13,13,1,3,276.1034483,61,276.1034483
1094,1/1/2023,71,64,26,17,2,3,135.137931,64,135.137931
1095,1/2/2023,74,65,20,19,2,3,145.3793103,65,145.3793103
1096,1/3/2023,76,65,14,16,2,3,152.2068966,65,152.2068966
1097,1/4/2023,75,59,28,18,2,3,148.7931034,59,148.7931034
1098,1/5/2023,93,64,25,15,2,3,207.8275862,64,207.8275862
1099,1/6/2023,74,69,24,16,2,3,145.3793103,69,145.3793103
1100,1/7/2023,80,77,22,13,2,2,165.862069,77,165.862069
1101,1/8/2023,90,78,19,18,2,4,200,78,200
1102,1/9/2023,92,72,28,22,1,3,204.4137931,72,204.4137931
1103,1/10/2023,84,66,47,24,2,4,179.5172414,66,179.5172414
1104,1/11/2023,77,72,47,23,2,5,155.6206897,72,155.6206897
1105,1/12/2023,85,70,62,22,1,4,182.9310345,70,182.9310345
1106,1/13/2023,82,81,16,20,2,4,172.6896552,81,172.6896552
1107,1/14/2023,94,63,11,15,1,3,211.2413793,63,211.2413793
1108,1/15/2023,74,68,37,22,1,3,145.3793103,68,145.3793103
1109,1/17/2023,79,57,29,17,2,3,162.4482759,57,162.4482759
1110,1/18/2023,67,67,27,17,15,3,121.4827586,67,121.4827586
1111,1/19/2023,78,69,22,15,5,3,159.0344828,69,159.0344828
1112,1/20/2023,80,70,33,16,17,3,165.862069,70,165.862069
1113,1/21/2023,81,66,4,12,1,2,169.2758621,66,169.2758621
1114,1/22/2023,76,67,17,16,2,3,152.2068966,67,152.2068966
1115,1/23/2023,78,57,26,14,3,3,159.0344828,57,159.0344828
1116,1/24/2023,66,65,43,17,3,3,118.0689655,65,118.0689655
1117,1/26/2023,538,69,27,15,3,3,500,69,500
1118,1/27/2023,79,63,8,15,3,3,162.4482759,63,162.4482759
1119,1/28/2023,73,65,5,15,4,3,141.9655172,65,141.9655172
1120,1/29/2023,75,62,4,14,4,3,148.7931034,62,148.7931034
1121,1/30/2023,72,53,12,12,3,3,138.5517241,53,138.5517241
1122,1/31/2023,62,69,6,13,4,3,104.4137931,69,104.4137931
1123,2/1/2023,80,70,22,15,4,3,165.862069,70,165.862069
1124,2/2/2023,81,68,7,14,4,4,169.2758621,68,169.2758621
1125,2/3/2023,79,66,15,16,4,3,162.4482759,66,162.4482759
1126,2/4/2023,76,68,8,16,3,3,152.2068966,68,152.2068966
1127,2/5/2023,103,73,40,20,4,4,241.9655172,73,241.9655172
1128,2/6/2023,85,83,32,16,4,3,182.9310345,83,182.9310345
1129,2/7/2023,97,83,57,19,4,3,221.4827586,83,221.4827586
1130,2/8/2023,98,80,48,22,5,3,224.8965517,80,224.8965517
1131,2/9/2023,115,74,20,19,5,3,282.9310345,74,282.9310345
1132,2/10/2023,87,77,14,19,5,3,189.7586207,77,189.7586207
1133,2/11/2023,91,75,7,16,4,3,201,75,201
1134,2/12/2023,131,79,16,21,5,3,308.6744186,79,308.6744186
1135,2/13/2023,145,68,19,20,5,3,319.4186047,68,319.4186047
1136,2/14/2023,104,80,8,17,5,4,245.3793103,80,245.3793103
1137,2/15/2023,129,78,6,17,5,3,307.1395349,78,307.1395349
1138,2/16/2023,124,80,16,21,5,4,303.3023256,80,303.3023256
1139,2/20/2023,109,70,15,16,5,3,262.4482759,70,262.4482759
1140,2/21/2023,110,79,12,15,5,3,265.862069,79,265.862069
1141,2/22/2023,101,80,6,16,5,3,235.137931,80,235.137931
1142,2/23/2023,86,66,7,17,5,4,186.3448276,66,186.3448276
1143,2/24/2023,72,71,8,18,5,3,138.5517241,71,138.5517241
1144,2/25/2023,76,81,11,16,5,3,152.2068966,81,152.2068966
1145,2/26/2023,87,72,19,21,5,3,189.7586207,72,189.7586207
1146,2/27/2023,127,76,11,17,5,2,305.6046512,76,305.6046512
1147,2/28/2023,137,69,17,16,5,3,313.2790698,69,313.2790698
1148,3/1/2023,136,70,10,15,5,3,312.5116279,70,312.5116279
1149,3/2/2023,121,76,11,17,5,3,301,76,301
1150,3/3/2023,129,72,8,18,5,3,307.1395349,72,307.1395349
1151,3/4/2023,123,73,7,14,5,3,302.5348837,73,302.5348837
1152,3/5/2023,126,77,6,13,5,2,304.8372093,77,304.8372093
1153,3/6/2023,147,70,15,20,5,4,320.9534884,70,320.9534884
1154,3/7/2023,115,65,22,14,5,2,282.9310345,65,282.9310345
1155,3/8/2023,116,68,19,24,4,3,286.3448276,68,286.3448276
1156,3/9/2023,126,66,14,17,5,3,304.8372093,66,304.8372093
1157,3/10/2023,117,68,18,16,5,3,289.7586207,68,289.7586207
1158,3/11/2023,125,57,7,11,5,3,304.0697674,57,304.0697674
1159,3/12/2023,102,65,17,16,5,4,238.5517241,65,238.5517241
1160,3/13/2023,125,68,8,14,5,4,304.0697674,68,304.0697674
1161,3/14/2023,119,76,15,13,4,3,296.5862069,76,296.5862069
1162,3/15/2023,142,76,28,7,4,2,317.1162791,76,317.1162791
1163,3/16/2023,156,46,7,12,4,1,327.8604651,46,327.8604651
1164,3/17/2023,101,53,9,10,4,3,235.137931,53,235.137931
1165,3/18/2023,87,45,6,6,4,2,189.7586207,45,189.7586207
1166,3/19/2023,92,45,6,5,4,3,204.4137931,45,204.4137931
1167,3/20/2023,89,45,7,7,5,4,196.5862069,45,196.5862069
1168,3/24/2023,63,53,13,8,5,3,107.8275862,53,107.8275862
1169,3/25/2023,60,56,8,8,5,3,100,56,100
1170,3/26/2023,62,51,9,7,5,3,104.4137931,51,104.4137931
1171,3/27/2023,57,71,18,12,4,4,94.93103448,71,94.93103448
1172,3/28/2023,79,67,16,8,4,3,162.4482759,67,162.4482759
1173,3/29/2023,95,52,18,6,4,2,214.6551724,52,214.6551724
1174,3/30/2023,110,48,21,5,5,2,265.862069,48,265.862069
1175,4/3/2023,91,38,6,6,4,3,201,38,201
1176,4/5/2023,88,72,30,12,5,4,193.1724138,72,193.1724138
1177,4/6/2023,111,78,17,14,5,3,269.2758621,78,269.2758621
1178,4/7/2023,122,61,10,12,5,3,301.7674419,61,301.7674419
1179,4/8/2023,92,57,9,10,5,2,204.4137931,57,204.4137931
1180,4/9/2023,87,54,7,12,5,3,189.7586207,54,189.7586207
1181,4/10/2023,82,63,17,16,5,3,172.6896552,63,172.6896552
1182,4/11/2023,97,69,24,16,5,2,221.4827586,69,221.4827586
1183,4/12/2023,107,66,17,18,5,2,255.6206897,66,255.6206897
1184,4/13/2023,102,78,34,1,5,3,238.5517241,78,238.5517241
1185,4/14/2023,121,73,22,1,4,3,301,73,301
1186,4/15/2023,124,77,14,1,5,3,303.3023256,77,303.3023256
1187,4/16/2023,130,77,37,1,5,3,307.9069767,77,307.9069767
1188,4/17/2023,132,78,34,15,4,3,309.4418605,78,309.4418605
1189,4/18/2023,125,74,43,29,4,3,304.0697674,74,304.0697674
1190,4/19/2023,126,74,44,15,5,2,304.8372093,74,304.8372093
1191,4/20/2023,138,71,29,12,5,3,314.0465116,71,314.0465116
1192,4/21/2023,126,54,23,12,4,2,304.8372093,54,304.8372093
1193,4/22/2023,109,51,19,9,6,2,262.4482759,51,262.4482759
1194,4/23/2023,106,55,34,13,5,3,252.2068966,55,252.2068966
1195,4/24/2023,90,52,17,14,5,2,200,52,200
1196,4/25/2023,91,43,7,12,5,2,201,43,201
1197,4/26/2023,84,62,21,15,6,2,179.5172414,62,179.5172414
1198,4/27/2023,110,54,21,12,6,2,265.862069,54,265.862069
1199,4/28/2023,105,59,22,17,5,2,248.7931034,59,248.7931034
1200,4/29/2023,106,47,10,10,6,2,252.2068966,47,252.2068966
1201,4/30/2023,90,24,11,7,6,2,200,24,200
1202,5/1/2023,49,32,8,12,6,3,81.4137931,32,81.4137931
1203,5/2/2023,55,32,8,11,5,3,91.55172414,32,91.55172414
1204,5/3/2023,58,33,9,11,5,2,96.62068966,33,96.62068966
1205,5/4/2023,127,37,8,7,6,3,305.6046512,37,305.6046512
1206,5/5/2023,71,37,9,10,6,3,135.137931,37,135.137931
1207,5/6/2023,75,25,8,7,6,3,148.7931034,25,148.7931034
1208,5/7/2023,62,33,14,11,6,3,104.4137931,33,104.4137931
1209,5/8/2023,79,36,10,9,6,3,162.4482759,36,162.4482759
1210,5/9/2023,71,40,11,10,6,3,135.137931,40,135.137931
1211,5/10/2023,68,65,41,9,6,2,124.8965517,65,124.8965517
1212,5/23/2023,88,32,29,9,8,2,193.1724138,32,193.1724138
1213,5/24/2023,74,40,25,7,8,2,145.3793103,40,145.3793103
1214,5/25/2023,63,28,23,7,6,2,107.8275862,28,107.8275862
1215,5/26/2023,55,24,24,10,1,4,91.55172414,24,91.55172414
1216,5/29/2023,92,45,19,13,6,2,204.4137931,45,204.4137931
1217,5/30/2023,82,43,28,12,6,2,172.6896552,43,172.6896552
1218,8/17/2023,54,37,7,6,7,3,89.86206897,37,89.86206897
1219,8/18/2023,46,23,3,7,7,3,76.34482759,23,76.34482759
1220,8/19/2023,32,27,4,7,6,3,52.68965517,27,52.68965517
1221,8/20/2023,38,45,4,7,6,3,62.82758621,45,62.82758621
1222,8/21/2023,50,45,4,8,7,3,83.10344828,45,83.10344828
1223,8/22/2023,59,38,5,7,6,2,98.31034483,38,98.31034483
1224,8/23/2023,39,40,4,7,4,3,64.51724138,40,64.51724138
1225,8/24/2023,53,41,6,7,3,3,88.17241379,41,88.17241379
1226,8/25/2023,57,23,21,7,3,2,94.93103448,23,94.93103448
1227,9/10/2023,25,17,3,4,7,3,41.66666667,17,41.66666667
1228,9/11/2023,28,24,7,5,5,3,46.66666667,24,46.66666667
1229,9/12/2023,25,20,8,5,6,2,41.66666667,20,41.66666667
1230,9/16/2023,14,15,3,4,7,2,23.33333333,15,23.33333333
1231,9/17/2023,18,15,4,4,7,1,30,15,30
1232,9/18/2023,21,27,3,5,5,1,35,27,35
1233,9/20/2023,39,28,5,5,6,3,64.51724138,28,64.51724138
1234,9/21/2023,51,33,4,5,4,1,84.79310345,33,84.79310345
1235,9/27/2023,43,19,10,7,6,2,71.27586207,19,71.27586207
1236,9/28/2023,24,18,3,6,5,2,40,18,40
1237,9/29/2023,34,15,2,6,5,2,56.06896552,15,56.06896552
1238,9/30/2023,29,16,3,10,5,2,48.33333333,16,48.33333333
1239,10/1/2023,24,38,3,7,5,2,40,38,40
1240,10/11/2023,107,68,14,18,2,3,255.6206897,68,255.6206897
1241,1/1/2024,122,65,3,1,4,3,301.7674419,65,301.7674419
1242,1/2/2024,141,73,8,1,3,3,316.3488372,73,316.3488372
1243,1/3/2024,145,76,5,1,5,3,319.4186047,76,319.4186047
1244,1/4/2024,152,57,4,1,5,3,324.7906977,57,324.7906977
1245,1/5/2024,112,54,3,1,6,2,272.6896552,54,272.6896552
1246,1/6/2024,116,52,3,1,5,3,286.3448276,52,286.3448276
1247,1/7/2024,83,35,4,1,3,3,176.1034483,35,176.1034483
1248,1/8/2024,65,46,3,1,4,2,114.6551724,46,114.6551724
1249,1/9/2024,95,59,3,1,4,3,214.6551724,59,214.6551724
1250,1/10/2024,101,69,2,1,4,3,235.137931,69,235.137931
1251,1/11/2024,137,69,3,1,3,3,313.2790698,69,313.2790698
1252,1/16/2024,163,85,5,1,4,2,333.2325581,85,333.2325581
1253,1/17/2024,157,96,3,1,5,3,328.627907,96,328.627907
1254,1/18/2024,160,57,3,1,5,3,330.9302326,57,330.9302326
1255,1/22/2024,132,61,5,1,4,2,309.4418605,61,309.4418605
1256,1/23/2024,115,66,6,1,5,2,282.9310345,66,282.9310345
1257,1/24/2024,126,75,4,1,5,3,304.8372093,75,304.8372093
1258,1/25/2024,143,55,3,1,4,2,317.8837209,55,317.8837209
1259,1/26/2024,76,55,11,1,5,3,152.2068966,55,152.2068966
1260,1/27/2024,94,49,11,1,5,3,211.2413793,49,211.2413793
1261,1/28/2024,131,69,18,1,4,3,308.6744186,69,308.6744186
1262,1/29/2024,119,73,13,1,6,2,296.5862069,73,296.5862069
1263,1/30/2024,133,81,4,1,5,3,310.2093023,81,310.2093023
1264,1/31/2024,154,64,7,1,4,2,326.3255814,64,326.3255814
1265,2/1/2024,101,68,42,1,5,2,235.137931,68,235.137931
1266,2/2/2024,92,75,3,1,5,2,204.4137931,75,204.4137931
1267,2/3/2024,115,70,6,1,5,3,282.9310345,70,282.9310345
1268,2/4/2024,142,64,4,1,5,3,317.1162791,64,317.1162791
1269,2/5/2024,101,73,3,1,4,3,235.137931,73,235.137931
1270,2/8/2024,113,66,6,1,6,3,276.1034483,66,276.1034483
1271,2/9/2024,103,70,4,1,6,3,241.9655172,70,241.9655172
1272,2/10/2024,132,70,4,1,7,3,309.4418605,70,309.4418605
1273,2/11/2024,126,73,4,1,5,3,304.8372093,73,304.8372093
1274,2/12/2024,134,59,4,1,7,3,310.9767442,59,310.9767442
1275,2/13/2024,95,63,3,1,6,3,214.6551724,63,214.6551724
1276,2/14/2024,108,71,3,1,7,2,259.0344828,71,259.0344828
1277,2/15/2024,123,62,14,1,4,3,302.5348837,62,302.5348837
1278,2/16/2024,94,72,4,1,6,2,211.2413793,72,211.2413793
1279,2/17/2024,109,62,4,1,5,3,262.4482759,62,262.4482759
1280,2/18/2024,92,58,7,1,6,3,204.4137931,58,204.4137931
1281,2/19/2024,116,58,17,1,4,3,286.3448276,58,286.3448276
1282,2/20/2024,87,88,11,1,6,3,189.7586207,88,189.7586207
1283,2/21/2024,135,81,5,1,5,3,311.744186,81,311.744186
1284,2/22/2024,126,64,11,1,5,2,304.8372093,64,304.8372093
1285,2/23/2024,93,62,19,1,4,4,207.8275862,62,207.8275862
1286,5/2/2024,313,65,17,1,8,2,425.6506024,65,425.6506024
1287,5/3/2024,121,49,15,1,7,2,301,49,301
1288,5/4/2024,80,67,21,1,8,4,165.862069,67,165.862069
1289,5/5/2024,98,67,25,1,7,4,224.8965517,67,224.8965517
1290,5/6/2024,106,53,33,1,8,6,252.2068966,53,252.2068966
1291,5/7/2024,71,44,33,1,8,2,135.137931,44,135.137931
1292,5/8/2024,73,53,54,1,7,3,141.9655172,53,141.9655172
1293,5/9/2024,84,49,19,1,9,4,179.5172414,49,179.5172414
1294,5/10/2024,109,53,17,1,8,3,262.4482759,53,262.4482759
1295,5/13/2024,91,44,11,1,7,3,201,44,201
1296,5/14/2024,74,53,3,1,6,1,145.3793103,53,145.3793103
1297,5/15/2024,91,65,60,1,8,2,201,65,201
1298,5/16/2024,134,39,23,1,8,2,310.9767442,39,310.9767442
1299,5/17/2024,73,40,31,1,7,3,141.9655172,40,141.9655172
1300,5/18/2024,70,28,14,1,7,3,131.7241379,28,131.7241379
1301,5/19/2024,66,37,12,1,7,2,118.0689655,37,118.0689655
1302,5/20/2024,68,34,4,1,7,3,124.8965517,34,124.8965517
1303,5/21/2024,56,36,9,1,8,2,93.24137931,36,93.24137931
1304,5/22/2024,54,39,9,1,8,3,89.86206897,39,89.86206897
1305,5/23/2024,61,47,25,1,8,2,101,47,101
1306,5/24/2024,77,32,19,1,9,2,155.6206897,32,155.6206897
1307,5/25/2024,57,40,4,1,9,2,94.93103448,40,94.93103448
1308,5/26/2024,46,53,24,1,9,3,76.34482759,53,76.34482759
1309,5/27/2024,69,54,14,1,8,2,128.3103448,54,128.3103448
1310,5/28/2024,60,47,13,1,8,2,100,47,100
1311,5/29/2024,68,33,16,1,11,1,124.8965517,33,124.8965517
1312,5/30/2024,37,52,20,1,10,3,61.13793103,52,61.13793103
1313,5/31/2024,66,45,16,1,8,3,118.0689655,45,118.0689655
1314,6/1/2024,69,31,18,1,4,3,128.3103448,31,128.3103448
1315,6/2/2024,65,26,8,1,6,3,114.6551724,26,114.6551724
1316,6/3/2024,50,29,9,1,6,3,83.10344828,29,83.10344828
1317,6/4/2024,51,22,13,1,8,2,84.79310345,22,84.79310345
1318,6/5/2024,38,17,5,1,6,2,62.82758621,17,62.82758621
1319,6/6/2024,29,12,9,1,7,2,48.33333333,12,48.33333333
1320,6/7/2024,31,18,4,1,7,2,51,18,51
1321,6/8/2024,15,8,3,1,9,2,25,8,25
1322,6/9/2024,5,30,8,1,8,2,8.333333333,30,30
1323,6/10/2024,50,20,2,1,8,2,83.10344828,20,83.10344828
1324,6/11/2024,33,18,10,1,8,2,54.37931034,18,54.37931034
1325,6/12/2024,21,21,3,1,7,2,35,21,35
1326,6/13/2024,29,32,8,1,8,3,48.33333333,32,48.33333333
1327,6/14/2024,41,37,3,1,7,2,67.89655172,37,67.89655172
1328,6/15/2024,53,25,3,1,7,2,88.17241379,25,88.17241379
1329,6/16/2024,25,26,3,1,8,3,41.66666667,26,41.66666667
1330,6/17/2024,24,14,7,1,8,2,40,14,40
1331,6/18/2024,38,26,3,1,8,2,62.82758621,26,62.82758621
1332,6/19/2024,38,28,5,1,7,2,62.82758621,28,62.82758621
1333,6/20/2024,46,32,10,1,8,2,76.34482759,32,76.34482759
1334,6/21/2024,40,35,3,1,7,2,66.20689655,35,66.20689655
1335,6/22/2024,41,16,10,1,9,3,67.89655172,16,67.89655172
1336,6/23/2024,24,22,9,1,9,2,40,22,40
1337,6/24/2024,28,25,7,2,9,2,46.66666667,25,46.66666667
1338,6/25/2024,31,23,8,2,9,3,51,23,51
1339,6/26/2024,27,18,6,2,9,2,45,18,45
1340,6/27/2024,18,26,7,2,9,2,30,26,30
1341,6/28/2024,31,28,4,2,9,2,51,28,51
1342,6/29/2024,32,29,2,2,9,2,52.68965517,29,52.68965517
1343,6/30/2024,37,30,7,2,9,2,61.13793103,30,61.13793103
1344,7/1/2024,25,22,11,2,9,3,41.66666667,22,41.66666667
1345,7/2/2024,20,27,8,1,9,2,33.33333333,27,33.33333333
1346,7/3/2024,29,22,5,1,8,2,48.33333333,22,48.33333333
1347,7/4/2024,32,21,3,2,9,2,52.68965517,21,52.68965517
1348,7/5/2024,44,30,2,2,9,2,72.96551724,30,72.96551724
1349,7/6/2024,61,36,3,2,8,3,101,36,101
1350,7/7/2024,63,31,2,1,8,3,107.8275862,31,107.8275862
1351,7/8/2024,60,29,7,2,8,3,100,29,100
1352,7/11/2024,72,30,3,1,9,2,138.5517241,30,138.5517241
1353,7/12/2024,59,31,2,1,8,2,98.31034483,31,98.31034483
1354,7/13/2024,59,30,2,1,8,2,98.31034483,30,98.31034483
1355,7/14/2024,58,15,3,1,8,2,96.62068966,15,96.62068966
1356,7/15/2024,37,14,2,1,8,2,61.13793103,14,61.13793103
1357,7/16/2024,30,24,4,1,9,2,50,24,50
1358,7/19/2024,60,46,11,1,8,2,100,46,100
1359,7/20/2024,65,29,7,1,8,2,114.6551724,29,114.6551724
1360,7/21/2024,58,30,1,1,9,2,96.62068966,30,96.62068966
1361,7/22/2024,54,22,2,2,5,3,89.86206897,22,89.86206897
1362,7/23/2024,35,32,1,1,4,2,57.75862069,32,57.75862069
1363,7/24/2024,57,16,1,1,4,2,94.93103448,16,94.93103448
1364,7/25/2024,38,26,2,1,4,2,62.82758621,26,62.82758621
1365,7/26/2024,50,27,2,1,3,2,83.10344828,27,83.10344828
1366,7/27/2024,46,34,1,1,4,2,76.34482759,34,76.34482759
1367,7/28/2024,56,40,2,1,3,2,93.24137931,40,93.24137931
1368,7/29/2024,62,23,1,1,3,2,104.4137931,23,104.4137931
1369,7/30/2024,52,26,4,1,3,2,86.48275862,26,86.48275862
1370,7/31/2024,53,25,6,1,3,3,88.17241379,25,88.17241379
1371,8/1/2024,39,23,1,1,3,3,64.51724138,23,64.51724138
1372,8/2/2024,15,27,2,1,3,2,25,27,27
1373,8/3/2024,51,28,3,1,3,2,84.79310345,28,84.79310345
1374,8/4/2024,58,30,7,1,3,3,96.62068966,30,96.62068966
1375,8/5/2024,63,26,3,1,3,3,107.8275862,26,107.8275862
1376,8/6/2024,58,29,2,1,3,2,96.62068966,29,96.62068966
1377,8/7/2024,59,34,2,1,2,2,98.31034483,34,98.31034483
1378,8/8/2024,64,35,5,1,3,2,111.2413793,35,111.2413793
1379,8/9/2024,63,32,11,1,3,2,107.8275862,32,107.8275862
1380,8/10/2024,60,29,2,1,3,2,100,29,100
1381,8/11/2024,54,34,2,1,3,3,89.86206897,34,89.86206897
1382,8/12/2024,62,45,7,1,3,3,104.4137931,45,104.4137931
1383,8/13/2024,81,64,9,1,3,3,169.2758621,64,169.2758621
1384,8/14/2024,88,50,7,1,3,4,193.1724138,50,193.1724138
1385,8/15/2024,93,44,26,1,3,2,207.8275862,44,207.8275862
1386,8/16/2024,111,40,2,2,4,2,269.2758621,40,269.2758621
1387,8/17/2024,75,36,4,2,4,3,148.7931034,36,148.7931034
1388,8/18/2024,86,40,8,2,2,3,186.3448276,40,186.3448276
1389,8/19/2024,94,33,17,1,4,4,211.2413793,33,211.2413793
1390,8/20/2024,70,26,6,1,3,3,131.7241379,26,131.7241379
1391,8/21/2024,77,21,9,1,4,2,155.6206897,21,155.6206897
1392,8/22/2024,39,31,11,1,5,2,64.51724138,31,64.51724138
1393,8/23/2024,58,33,5,1,5,2,96.62068966,33,96.62068966
1394,8/24/2024,57,25,2,1,5,2,94.93103448,25,94.93103448
1395,8/25/2024,60,20,3,1,4,2,100,20,100
1396,8/26/2024,47,20,4,2,5,2,78.03448276,20,78.03448276
1397,8/27/2024,50,22,4,2,4,2,83.10344828,22,83.10344828
1398,8/28/2024,56,18,6,1,4,3,93.24137931,18,93.24137931
1399,8/29/2024,53,19,7,1,5,2,88.17241379,19,88.17241379
1400,8/30/2024,52,20,2,1,4,2,86.48275862,20,86.48275862
1401,8/31/2024,55,15,3,1,4,2,91.55172414,15,91.55172414
1402,9/1/2024,50,26,2,1,4,2,83.10344828,26,83.10344828
1403,9/2/2024,61,22,3,1,4,2,101,22,101
1404,9/3/2024,56,31,2,1,4,2,93.24137931,31,93.24137931
1405,9/4/2024,66,28,3,1,4,2,118.0689655,28,118.0689655
1406,9/5/2024,63,29,2,1,4,2,107.8275862,29,107.8275862
1407,9/6/2024,65,32,2,1,4,2,114.6551724,32,114.6551724
1408,9/7/2024,67,24,2,1,6,2,121.4827586,24,121.4827586
1409,9/8/2024,60,28,2,1,6,2,100,28,100
1410,9/9/2024,64,22,4,1,5,2,111.2413793,22,111.2413793
1411,9/10/2024,58,26,2,1,4,2,96.62068966,26,96.62068966
1412,9/11/2024,62,25,2,1,4,3,104.4137931,25,104.4137931
1413,9/12/2024,61,31,2,1,2,3,101,31,101
1414,9/13/2024,66,38,2,1,3,2,118.0689655,38,118.0689655
1415,9/14/2024,73,30,2,1,3,2,141.9655172,30,141.9655172
1416,9/15/2024,65,29,8,1,4,2,114.6551724,29,114.6551724
1417,9/16/2024,65,32,2,1,4,2,114.6551724,32,114.6551724
1418,9/17/2024,63,46,3,1,4,3,107.8275862,46,107.8275862
1419,9/18/2024,70,47,3,1,2,2,131.7241379,47,131.7241379
1420,9/19/2024,73,43,3,1,3,3,141.9655172,43,141.9655172
1421,9/20/2024,79,39,2,1,4,3,162.4482759,39,162.4482759
1422,9/21/2024,73,26,14,1,5,3,141.9655172,26,141.9655172
1423,9/22/2024,63,29,2,1,3,3,107.8275862,29,107.8275862
1424,9/23/2024,59,24,2,1,3,2,98.31034483,24,98.31034483
1425,9/24/2024,50,24,2,1,4,2,83.10344828,24,83.10344828
1426,9/25/2024,50,26,2,1,4,2,83.10344828,26,83.10344828
1427,9/26/2024,55,27,2,1,5,2,91.55172414,27,91.55172414
1428,9/27/2024,59,30,4,1,4,2,98.31034483,30,98.31034483
1429,9/28/2024,65,44,2,1,4,2,114.6551724,44,114.6551724
1430,9/29/2024,79,56,4,1,5,3,162.4482759,56,162.4482759
1431,9/30/2024,97,48,5,1,2,3,221.4827586,48,221.4827586
1432,10/1/2024,104,34,18,1,4,2,245.3793103,34,245.3793103
1433,10/2/2024,88,18,6,1,2,3,193.1724138,18,193.1724138
1434,10/3/2024,66,20,4,1,3,2,118.0689655,20,118.0689655
1435,10/4/2024,68,18,5,1,2,2,124.8965517,18,124.8965517
1436,10/5/2024,55,40,2,1,2,3,91.55172414,40,91.55172414
1437,10/6/2024,84,69,2,1,2,3,179.5172414,69,179.5172414
1438,10/7/2024,143,50,2,1,2,3,317.8837209,50,317.8837209
1439,10/8/2024,102,48,4,1,2,3,238.5517241,48,238.5517241
1440,10/9/2024,86,46,2,1,2,2,186.3448276,46,186.3448276
1441,10/10/2024,101,41,2,1,3,3,235.137931,41,235.137931
1442,10/11/2024,93,33,1,1,3,3,207.8275862,33,207.8275862
1443,10/12/2024,69,31,2,1,2,3,128.3103448,31,128.3103448
1444,10/13/2024,65,28,2,1,2,2,114.6551724,28,114.6551724
1445,10/14/2024,62,18,2,1,3,2,104.4137931,18,104.4137931
1446,10/15/2024,56,18,2,1,4,2,93.24137931,18,93.24137931
1447,10/16/2024,58,24,2,1,4,3,96.62068966,24,96.62068966
1448,10/17/2024,57,29,4,1,4,3,94.93103448,29,94.93103448
1449,10/18/2024,56,29,2,1,4,2,93.24137931,29,93.24137931
1450,10/19/2024,70,34,3,1,3,3,131.7241379,34,131.7241379
1451,10/20/2024,81,36,3,1,5,3,169.2758621,36,169.2758621
1452,10/21/2024,85,34,2,1,4,1,182.9310345,34,182.9310345
1453,10/22/2024,73,47,2,1,3,2,141.9655172,47,141.9655172
1454,10/23/2024,104,47,3,1,4,1,245.3793103,47,245.3793103
1455,10/24/2024,102,59,4,1,3,3,238.5517241,59,238.5517241
1456,10/25/2024,131,79,6,1,3,2,308.6744186,79,308.6744186
1457,10/26/2024,165,71,5,1,3,3,334.7674419,71,334.7674419
1458,10/27/2024,152,74,6,1,2,2,324.7906977,74,324.7906977
1459,10/28/2024,154,62,4,1,2,3,326.3255814,62,326.3255814
1460,10/31/2024,153,88,3,1,4,3,325.5581395,88,325.5581395
1461,1/17/2025,155,77,17,21,8,5,327.0930233,77,327.0930233
1462,1/18/2025,149,56,2,14,3,2,322.4883721,56,322.4883721
1463,1/19/2025,99,59,4,14,4,3,228.3103448,59,228.3103448
1464,1/20/2025,84,73,2,18,4,3,179.5172414,73,179.5172414
1465,1/21/2025,129,72,2,19,4,3,307.1395349,72,307.1395349
1466,1/22/2025,118,69,3,18,5,3,293.1724138,69,293.1724138
1467,1/23/2025,113,66,2,20,4,3,276.1034483,66,276.1034483
1468,1/24/2025,100,68,2,22,4,4,231.7241379,68,231.7241379
1469,1/25/2025,106,40,1,21,4,2,252.2068966,40,252.2068966
1470,1/26/2025,60,59,3,22,5,3,100,59,100
1471,1/27/2025,92,87,29,21,4,3,204.4137931,87,204.4137931
1472,1/28/2025,132,95,7,22,4,3,309.4418605,95,309.4418605
1473,1/29/2025,138,81,7,21,4,3,314.0465116,81,314.0465116
1474,1/30/2025,126,50,3,20,4,3,304.8372093,50,304.8372093
1475,1/31/2025,73,52,6,20,4,3,141.9655172,52,141.9655172
1476,2/1/2025,78,45,4,22,4,3,159.0344828,45,159.0344828
1477,2/2/2025,69,46,2,23,4,3,128.3103448,46,128.3103448
1478,2/3/2025,71,58,2,24,5,3,135.137931,58,135.137931
1479,2/4/2025,88,86,12,23,4,3,193.1724138,86,193.1724138
1480,2/5/2025,130,64,5,21,4,3,307.9069767,64,307.9069767
1481,2/6/2025,95,69,3,22,4,3,214.6551724,69,214.6551724
1482,2/7/2025,108,81,3,23,4,2,259.0344828,81,259.0344828
1483,2/8/2025,150,89,4,24,4,2,323.255814,89,323.255814
1484,2/9/2025,156,92,3,23,4,3,327.8604651,92,327.8604651
1485,2/10/2025,162,76,3,25,4,3,332.4651163,76,332.4651163
1486,2/11/2025,123,69,4,23,3,4,302.5348837,69,302.5348837
1487,2/12/2025,99,76,8,24,3,4,228.3103448,76,228.3103448
1488,2/13/2025,122,64,3,22,3,1,301.7674419,64,301.7674419
1489,2/14/2025,99,80,3,23,4,3,228.3103448,80,228.3103448
1490,2/15/2025,127,70,15,20,4,3,305.6046512,70,305.6046512
1491,2/16/2025,114,67,13,21,3,3,279.5172414,67,279.5172414
1492,2/17/2025,113,66,7,22,3,2,276.1034483,66,276.1034483
1493,2/18/2025,105,70,6,24,3,2,248.7931034,70,248.7931034
1494,2/19/2025,109,72,2,25,3,3,262.4482759,72,262.4482759
1495,2/20/2025,114,71,25,21,3,3,279.5172414,71,279.5172414
1496,2/21/2025,110,75,34,18,4,2,265.862069,75,265.862069
1497,2/22/2025,116,75,11,21,4,2,286.3448276,75,286.3448276
1498,2/23/2025,107,69,5,19,3,3,255.6206897,69,255.6206897
1499,2/24/2025,106,63,8,19,3,4,252.2068966,63,252.2068966
1500,2/25/2025,98,61,3,19,3,2,224.8965517,61,224.8965517
1501,2/26/2025,90,63,5,21,4,3,200,63,200
1502,2/27/2025,96,57,4,21,4,3,218.0689655,57,218.0689655
1503,2/28/2025,82,55,4,19,4,3,172.6896552,55,172.6896552
1504,3/1/2025,73,52,5,19,4,2,141.9655172,52,141.9655172
1505,3/2/2025,72,59,13,19,4,3,138.5517241,59,138.5517241
1506,3/3/2025,78,70,8,22,3,3,159.0344828,70,159.0344828
1507,3/4/2025,99,84,9,24,3,2,228.3103448,84,228.3103448
1508,3/5/2025,135,77,16,21,3,2,311.744186,77,311.744186
1509,3/6/2025,137,90,18,24,4,3,313.2790698,90,313.2790698
1510,3/7/2025,139,88,17,26,4,3,314.8139535,88,314.8139535
1511,3/8/2025,149,87,20,24,3,2,322.4883721,87,322.4883721
1512,3/9/2025,149,64,8,21,4,2,322.4883721,64,322.4883721
1513,3/10/2025,98,54,3,19,4,2,224.8965517,54,224.8965517
1514,3/11/2025,69,37,3,19,4,3,128.3103448,37,128.3103448
1515,3/12/2025,38,42,6,21,4,3,62.82758621,42,62.82758621
1516,3/13/2025,52,58,10,23,4,3,86.48275862,58,86.48275862
1517,3/14/2025,87,67,16,24,4,3,189.7586207,67,189.7586207
1518,3/15/2025,118,58,7,23,4,2,293.1724138,58,293.1724138
1519,3/16/2025,97,59,23,19,4,3,221.4827586,59,221.4827586
1520,3/17/2025,107,54,23,20,4,3,255.6206897,54,255.6206897
1521,3/18/2025,83,57,9,20,5,3,176.1034483,57,176.1034483
1522,3/19/2025,92,58,6,21,4,3,204.4137931,58,204.4137931
1523,3/20/2025,96,61,11,22,4,3,218.0689655,61,218.0689655
1524,3/21/2025,97,56,11,21,5,2,221.4827586,56,221.4827586
1525,3/22/2025,98,53,4,23,4,3,224.8965517,53,224.8965517
1526,3/23/2025,92,58,29,21,5,3,204.4137931,58,204.4137931
1527,3/24/2025,89,59,28,25,5,3,196.5862069,59,196.5862069
1528,3/25/2025,89,61,13,27,4,3,196.5862069,61,196.5862069
1529,3/26/2025,99,66,35,25,5,3,228.3103448,66,228.3103448
1530,3/27/2025,115,67,11,25,5,3,282.9310345,67,282.9310345
1531,4/10/2025,89,53,22,7,1,3,196.5862069,53,196.5862069
1532,4/11/2025,85,43,19,2,1,3,182.9310345,43,182.9310345
1533,4/12/2025,78,47,36,3,3,3,159.0344828,47,159.0344828
1534,4/13/2025,72,54,23,5,3,3,138.5517241,54,138.5517241
1535,4/14/2025,91,50,20,5,3,3,201,50,201
1536,4/17/2025,83,52,5,1,3,3,176.1034483,52,176.1034483
1537,4/18/2025,89,53,9,3,2,4,196.5862069,53,196.5862069
1538,4/19/2025,90,52,7,4,2,3,200,52,200
1539,4/20/2025,88,56,11,4,2,3,193.1724138,56,193.1724138
1540,4/21/2025,91,76,20,5,2,4,201,76,201
1541,4/22/2025,122,66,15,3,2,2,301.7674419,66,301.7674419
1542,4/23/2025,106,71,11,5,2,2,252.2068966,71,252.2068966
1543,4/24/2025,96,66,16,4,1,3,218.0689655,66,218.0689655
1544,4/25/2025,99,62,22,9,2,2,228.3103448,62,228.3103448
1545,4/26/2025,91,60,17,15,2,3,201,60,201
1546,4/27/2025,94,55,40,13,3,3,211.2413793,55,211.2413793
1547,4/28/2025,88,59,25,12,2,3,193.1724138,59,193.1724138
1548,4/29/2025,90,59,13,5,3,3,200,59,200
1549,4/30/2025,86,38,10,6,2,3,186.3448276,38,186.3448276
1550,5/1/2025,68,48,12,6,2,3,124.8965517,48,124.8965517
1551,5/2/2025,82,35,11,6,2,3,172.6896552,35,172.6896552
1552,5/3/2025,66,45,9,6,2,3,118.0689655,45,118.0689655
1553,5/4/2025,67,52,21,6,2,3,121.4827586,52,121.4827586
1554,5/5/2025,81,47,6,7,3,3,169.2758621,47,169.2758621
1555,5/6/2025,68,56,6,7,2,3,124.8965517,56,124.8965517
1556,5/7/2025,74,44,8,7,3,2,145.3793103,44,145.3793103
1557,5/8/2025,58,50,6,7,2,3,96.62068966,50,96.62068966
1558,5/9/2025,71,51,6,8,3,3,135.137931,51,135.137931
1559,5/10/2025,72,44,6,7,2,3,138.5517241,44,138.5517241
1560,5/11/2025,68,37,12,6,2,3,124.8965517,37,124.8965517
1561,5/12/2025,50,27,15,6,2,4,83.10344828,27,83.10344828
1562,5/13/2025,47,26,8,6,3,3,78.03448276,26,78.03448276
1563,5/14/2025,51,23,7,6,2,3,84.79310345,23,84.79310345
1564,5/15/2025,55,28,6,6,3,3,91.55172414,28,91.55172414
1565,5/16/2025,48,22,5,6,2,3,79.72413793,22,79.72413793
1566,5/17/2025,36,17,4,6,3,3,59.44827586,17,59.44827586
1567,5/18/2025,37,17,4,6,2,4,61.13793103,17,61.13793103
1568,5/19/2025,38,16,7,4,2,3,62.82758621,16,62.82758621
1569,5/20/2025,34,22,6,4,3,2,56.06896552,22,56.06896552
1570,5/21/2025,26,55,4,5,2,2,43.33333333,55,55
1571,5/22/2025,62,31,5,5,2,3,104.4137931,31,104.4137931
1572,5/23/2025,34,12,5,4,3,2,56.06896552,12,56.06896552
1573,5/24/2025,12,9,5,5,2,3,20,9,20
1574,5/25/2025,8,9,6,5,3,2,13.33333333,9,13.33333333
1575,5/26/2025,20,18,7,4,3,3,33.33333333,18,33.33333333
1576,5/27/2025,27,16,5,5,3,3,45,16,45
1577,5/28/2025,20,16,6,5,2,3,33.33333333,16,33.33333333
1578,5/29/2025,19,24,4,5,3,3,31.66666667,24,31.66666667
1579,5/30/2025,24,35,4,5,3,3,40,35,40
1580,5/31/2025,32,36,5,5,3,3,52.68965517,36,52.68965517
1581,6/1/2025,35,31,6,5,3,3,57.75862069,31,57.75862069
1582,6/2/2025,18,23,5,5,4,3,30,23,30
1583,6/3/2025,17,42,7,5,3,3,28.33333333,42,42
1584,6/4/2025,39,62,12,5,3,3,64.51724138,62,64.51724138
1585,6/5/2025,60,67,6,5,3,3,100,67,100
1586,6/6/2025,67,51,5,6,3,3,121.4827586,51,121.4827586
1587,6/7/2025,57,40,5,6,3,3,94.93103448,40,94.93103448
1588,6/8/2025,45,29,7,5,3,2,74.65517241,29,74.65517241
1589,6/9/2025,29,37,5,5,2,3,48.33333333,37,48.33333333
1590,6/10/2025,41,35,5,5,2,3,67.89655172,35,67.89655172
1591,6/11/2025,42,18,4,6,3,3,69.5862069,18,69.5862069
1592,6/12/2025,18,15,5,6,2,3,30,15,30
1593,6/13/2025,15,15,4,6,2,2,25,15,25
1594,6/14/2025,13,8,3,6,3,2,21.66666667,8,21.66666667
1595,6/15/2025,9,17,4,6,3,3,15,17,17
1596,6/16/2025,13,16,3,6,2,3,21.66666667,16,21.66666667
1597,6/17/2025,13,25,3,6,3,3,21.66666667,25,25
1598,6/18/2025,16,32,3,6,2,2,26.66666667,32,32
1599,6/19/2025,30,28,4,5,3,2,50,28,50
1600,6/20/2025,18,26,3,6,3,3,30,26,30
1601,6/21/2025,22,22,3,6,2,3,36.66666667,22,36.66666667
1602,6/22/2025,16,23,3,6,2,3,26.66666667,23,26.66666667
1603,6/23/2025,22,28,6,5,2,2,36.66666667,28,36.66666667
1604,6/24/2025,22,25,4,4,2,2,36.66666667,25,36.66666667
1605,6/25/2025,19,25,4,5,3,2,31.66666667,25,31.66666667
1606,6/26/2025,23,29,4,5,2,4,38.33333333,29,38.33333333
1607,6/27/2025,22,40,4,5,2,3,36.66666667,40,40
1608,6/28/2025,34,31,4,5,3,3,56.06896552,31,56.06896552
1609,6/29/2025,27,33,3,5,2,2,45,33,45
1610,6/30/2025,22,29,6,5,2,2,36.66666667,29,36.66666667
1611,7/1/2025,28,27,3,6,2,3,46.66666667,27,46.66666667
1612,7/2/2025,28,18,4,5,4,3,46.66666667,18,46.66666667
1613,7/3/2025,13,25,3,6,3,3,21.66666667,25,25
1614,7/4/2025,15,21,3,5,4,3,25,21,25
1615,7/5/2025,12,23,3,6,4,2,20,23,23
1616,7/6/2025,19,36,3,6,4,3,31.66666667,36,36
1617,7/7/2025,30,44,3,6,4,3,50,44,50
1618,7/8/2025,33,39,4,6,5,3,54.37931034,39,54.37931034
1619,7/9/2025,30,33,3,6,4,3,50,33,50
1620,7/10/2025,28,26,3,6,4,3,46.66666667,26,46.66666667
1621,7/11/2025,29,19,3,6,3,3,48.33333333,19,48.33333333
1622,7/12/2025,24,20,3,6,4,3,40,20,40
1623,7/13/2025,19,22,4,6,4,3,31.66666667,22,31.66666667
1624,7/14/2025,15,21,4,6,4,3,25,21,25
1625,7/15/2025,20,25,5,6,4,3,33.33333333,25,33.33333333
1626,7/16/2025,29,16,3,6,4,3,48.33333333,16,48.33333333
1627,7/17/2025,18,22,3,6,4,3,30,22,30
1628,7/18/2025,24,20,3,6,4,3,40,20,40
1629,7/19/2025,21,13,3,7,3,3,35,13,35
1630,7/20/2025,11,15,3,6,3,3,18.33333333,15,18.33333333
1631,7/21/2025,19,17,3,6,4,3,31.66666667,17,31.66666667
1632,7/22/2025,19,20,3,6,4,3,31.66666667,20,31.66666667
1633,7/23/2025,18,18,3,6,4,3,30,18,30
1634,7/24/2025,20,20,3,6,4,3,33.33333333,20,33.33333333
1635,7/25/2025,14,14,3,6,4,3,23.33333333,14,23.33333333
1636,7/26/2025,14,19,3,6,4,3,23.33333333,19,23.33333333
1637,7/27/2025,11,24,3,6,4,3,18.33333333,24,24
1638,7/28/2025,13,21,4,6,4,3,21.66666667,21,21.66666667
1639,7/29/2025,16,27,4,6,4,2,26.66666667,27,27
1640,7/30/2025,20,36,3,6,3,2,33.33333333,36,36
1641,7/31/2025,33,43,3,6,2,2,54.37931034,43,54.37931034
1642,8/1/2025,35,49,3,7,2,2,57.75862069,49,57.75862069
1643,8/2/2025,44,25,3,7,2,2,72.96551724,25,72.96551724
1644,8/3/2025,27,17,3,6,2,3,45,17,45
1645,8/4/2025,32,15,5,6,2,2,52.68965517,15,52.68965517
1646,8/5/2025,24,11,4,6,3,3,40,11,40
1647,8/6/2025,16,15,3,6,3,2,26.66666667,15,26.66666667
1648,8/7/2025,33,16,4,6,2,2,54.37931034,16,54.37931034
1649,8/8/2025,30,14,3,6,2,3,50,14,50
1650,8/9/2025,21,9,3,6,2,2,35,9,35
1651,8/10/2025,19,20,3,6,2,3,31.66666667,20,31.66666667
1652,8/11/2025,30,22,3,6,3,2,50,22,50
1653,8/12/2025,21,16,3,7,2,2,35,16,35
1654,8/13/2025,22,17,3,6,2,2,36.66666667,17,36.66666667
1655,8/14/2025,19,18,3,6,3,2,31.66666667,18,31.66666667
1656,8/15/2025,20,18,3,6,3,2,33.33333333,18,33.33333333
1657,8/16/2025,24,13,3,6,2,2,40,13,40
1658,8/17/2025,15,13,3,6,3,2,25,13,25
1659,8/18/2025,12,22,3,6,3,2,20,22,22
1660,8/19/2025,14,25,3,6,3,2,23.33333333,25,25
1661,8/20/2025,22,29,3,7,3,3,36.66666667,29,36.66666667
1662,8/21/2025,29,28,3,7,3,3,48.33333333,28,48.33333333
1663,8/22/2025,32,28,3,7,3,2,52.68965517,28,52.68965517
1664,8/23/2025,32,22,3,6,3,2,52.68965517,22,52.68965517
1665,8/24/2025,26,24,3,7,3,3,43.33333333,24,43.33333333
1666,8/25/2025,25,27,3,7,3,2,41.66666667,27,41.66666667
1667,8/26/2025,36,14,3,7,2,3,59.44827586,14,59.44827586
1668,8/27/2025,18,14,3,6,2,3,30,14,30
1669,8/28/2025,18,19,3,6,3,2,30,19,30
1670,8/29/2025,34,23,3,6,2,2,56.06896552,23,56.06896552
1671,8/30/2025,26,20,3,6,2,2,43.33333333,20,43.33333333
1672,8/31/2025,23,23,3,6,2,2,38.33333333,23,38.33333333
1673,9/1/2025,22,22,3,6,2,2,36.66666667,22,36.66666667
1674,9/2/2025,26,14,3,6,2,2,43.33333333,14,43.33333333
1675,9/3/2025,21,17,3,6,3,3,35,17,35
1676,9/4/2025,19,29,3,7,2,3,31.66666667,29,31.66666667
1677,9/5/2025,36,21,3,7,2,2,59.44827586,21,59.44827586
1678,9/6/2025,31,19,3,6,2,2,51,19,51
1679,9/8/2025,32,41,4,6,2,5,52.68965517,41,52.68965517
1680,9/9/2025,49,39,4,6,2,3,81.4137931,39,81.4137931
1681,9/10/2025,55,27,4,5,3,3,91.55172414,27,91.55172414
1682,9/11/2025,37,37,3,6,3,2,61.13793103,37,61.13793103
1683,9/12/2025,46,41,3,7,2,3,76.34482759,41,76.34482759
1684,9/13/2025,60,28,3,6,2,2,100,28,100
1685,9/14/2025,39,24,3,6,1,3,64.51724138,24,64.51724138
1686,9/15/2025,33,20,3,7,2,2,54.37931034,20,54.37931034
1687,9/16/2025,26,15,3,7,2,4,43.33333333,15,43.33333333
1688,9/17/2025,20,9,3,6,2,3,33.33333333,9,33.33333333
1689,9/18/2025,14,17,3,7,2,3,23.33333333,17,23.33333333
1690,9/19/2025,25,26,3,6,1,3,41.66666667,26,41.66666667
1691,9/20/2025,36,23,3,6,1,2,59.44827586,23,59.44827586
1692,9/21/2025,26,19,4,6,1,2,43.33333333,19,43.33333333
1693,9/22/2025,17,15,3,6,1,3,28.33333333,15,28.33333333
1694,9/23/2025,12,23,5,5,1,3,20,23,23
1695,9/24/2025,23,19,3,6,2,2,38.33333333,19,38.33333333
1696,9/25/2025,26,18,3,6,1,2,43.33333333,18,43.33333333
1697,9/26/2025,22,20,3,6,2,2,36.66666667,20,36.66666667
1698,9/27/2025,21,18,3,7,1,3,35,18,35
1699,9/28/2025,21,23,3,6,1,2,35,23,35
1700,9/29/2025,25,36,5,6,2,3,41.66666667,36,41.66666667
1701,11/14/2025,137,69,4,8,1,4,313.2790698,69,313.2790698
1702,11/15/2025,140,72,5,7,1,3,315.5813953,72,315.5813953
1703,11/17/2025,144,62,4,8,1,3,318.6511628,62,318.6511628
1704,11/18/2025,130,44,3,8,1,2,307.9069767,44,307.9069767
1705,11/19/2025,79,60,4,7,1,2,162.4482759,60,162.4482759
1706,11/20/2025,115,42,3,7,1,3,282.9310345,42,282.9310345
1707,11/21/2025,68,25,2,6,1,3,124.8965517,25,124.8965517
1708,11/22/2025,29,30,3,7,1,4,48.33333333,30,48.33333333
1709,11/24/2025,25,68,2,7,1,4,41.66666667,68,68
1710,11/25/2025,145,67,3,8,2,3,319.4186047,67,319.4186047
1711,11/26/2025,148,77,3,8,2,2,321.7209302,77,321.7209302
1712,11/27/2025,158,82,5,8,2,3,329.3953488,82,329.3953488
1713,11/28/2025,162,73,4,8,2,3,332.4651163,73,332.4651163
1714,11/29/2025,146,56,3,8,2,2,320.1860465,56,320.1860465
1715,11/30/2025,115,35,3,7,1,3,282.9310345,35,282.9310345
1716,12/1/2025,59,36,3,7,1,2,98.31034483,36,98.31034483
1717,12/2/2025,57,25,3,7,2,3,94.93103448,25,94.93103448
1718,12/3/2025,34,23,2,7,2,3,56.06896552,23,56.06896552
1719,12/5/2025,107,77,5,9,2,3,255.6206897,77,255.6206897
1720,12/6/2025,152,72,3,8,1,3,324.7906977,72,324.7906977
1721,12/7/2025,143,67,4,9,2,3,317.8837209,67,317.8837209
1722,12/14/2025,131,73,4,8,2,3,308.6744186,73,308.6744186
1723,12/16/2025,140,47,7,1,2,3,315.5813953,47,315.5813953
