,date,pm25,pm10,o3,no2,so2,co,AQI_PM25,AQI_PM10,AQI_NO2,AQI_SO2,AQI_CO,AQI_O3,AQI,AQI_Category
1,10/3/2025,81,52,14,2,1,7,169.2758621,52,2.5,1.25,162.4050633,14,169.2758621,Moderate
2,10/4/2025,80,44,14,2,1,7,165.862069,44,2.5,1.25,162.4050633,14,165.862069,Moderate
3,10/5/2025,76,47,14,1,1,7,152.2068966,47,1.25,1.25,162.4050633,14,162.4050633,Moderate
4,10/6/2025,80,53,14,2,1,6,165.862069,53,2.5,1.25,149.8734177,14,165.862069,Moderate
5,10/7/2025,87,55,14,2,2,7,189.7586207,55,2.5,2.5,162.4050633,14,189.7586207,Moderate
6,10/8/2025,81,54,14,1,2,6,169.2758621,54,1.25,2.5,149.8734177,14,169.2758621,Moderate
7,10/9/2025,77,54,14,2,2,8,155.6206897,54,2.5,2.5,174.9367089,14,174.9367089,Moderate
8,10/10/2025,85,54,14,2,3,6,182.9310345,54,2.5,3.75,149.8734177,14,182.9310345,Moderate
9,10/11/2025,84,54,14,2,3,7,179.5172414,54,2.5,3.75,162.4050633,14,179.5172414,Moderate
10,10/12/2025,85,45,14,1,1,6,182.9310345,45,1.25,1.25,149.8734177,14,182.9310345,Moderate
11,10/13/2025,74,40,14,1,1,8,145.3793103,40,1.25,1.25,174.9367089,14,174.9367089,Moderate
12,10/14/2025,65,36,14,1,2,8,114.6551724,36,1.25,2.5,174.9367089,14,174.9367089,Moderate
13,10/15/2025,58,35,14,1,1,6,96.62068966,35,1.25,1.25,149.8734177,14,149.8734177,Moderate
14,10/16/2025,57,33,14,2,1,6,94.93103448,33,2.5,1.25,149.8734177,14,149.8734177,Moderate
15,10/17/2025,51,34,14,2,1,7,84.79310345,34,2.5,1.25,162.4050633,14,162.4050633,Moderate
16,10/21/2025,43,32,14,1,1,5,71.27586207,32,1.25,1.25,137.3417722,14,137.3417722,Moderate
17,10/22/2025,49,37,14,2,1,5,81.4137931,37,2.5,1.25,137.3417722,14,137.3417722,Moderate
18,10/24/2025,49,24,14,2,1,6,81.4137931,24,2.5,1.25,149.8734177,14,149.8734177,Moderate
19,10/25/2025,42,24,14,2,2,6,69.5862069,24,2.5,2.5,149.8734177,14,149.8734177,Moderate
20,10/26/2025,42,27,14,2,2,7,69.5862069,27,2.5,2.5,162.4050633,14,162.4050633,Moderate
21,10/27/2025,49,30,14,1,1,8,81.4137931,30,1.25,1.25,174.9367089,14,174.9367089,Moderate
22,10/28/2025,54,26,14,1,1,7,89.86206897,26,1.25,1.25,162.4050633,14,162.4050633,Moderate
23,10/30/2025,60,33,14,2,1,5,100,33,2.5,1.25,137.3417722,14,137.3417722,Moderate
24,10/31/2025,64,38,14,2,2,7,111.2413793,38,2.5,2.5,162.4050633,14,162.4050633,Moderate
25,11/1/2025,69,44,14,2,1,5,128.3103448,44,2.5,1.25,137.3417722,14,137.3417722,Moderate
26,11/2/2025,74,43,14,2,2,5,145.3793103,43,2.5,2.5,137.3417722,14,145.3793103,Moderate
27,11/5/2025,80,52,14,1,1,6,165.862069,52,1.25,1.25,149.8734177,14,165.862069,Moderate
28,11/6/2025,84,55,14,1,1,8,179.5172414,55,1.25,1.25,174.9367089,14,179.5172414,Moderate
29,11/7/2025,85,57,14,1,1,7,182.9310345,57,1.25,1.25,162.4050633,14,182.9310345,Moderate
30,11/8/2025,80,57,14,1,1,6,165.862069,57,1.25,1.25,149.8734177,14,165.862069,Moderate
31,11/9/2025,80,56,14,2,1,5,165.862069,56,2.5,1.25,137.3417722,14,165.862069,Moderate
32,11/10/2025,78,55,14,2,1,7,159.0344828,55,2.5,1.25,162.4050633,14,162.4050633,Moderate
33,11/12/2025,75,51,14,2,1,7,148.7931034,51,2.5,1.25,162.4050633,14,162.4050633,Moderate
34,11/13/2025,81,46,14,1,1,6,169.2758621,46,1.25,1.25,149.8734177,14,169.2758621,Moderate
35,11/14/2025,71,46,14,2,2,5,135.137931,46,2.5,2.5,137.3417722,14,137.3417722,Moderate
36,11/15/2025,70,49,14,1,1,5,131.7241379,49,1.25,1.25,137.3417722,14,137.3417722,Moderate
37,11/16/2025,80,52,14,2,1,9,165.862069,52,2.5,1.25,187.4683544,14,187.4683544,Moderate
38,11/17/2025,78,49,14,2,1,7,159.0344828,49,2.5,1.25,162.4050633,14,162.4050633,Moderate
39,11/18/2025,68,39,14,2,1,6,124.8965517,39,2.5,1.25,149.8734177,14,149.8734177,Moderate
40,11/19/2025,57,43,14,2,1,6,94.93103448,43,2.5,1.25,149.8734177,14,149.8734177,Moderate
41,11/20/2025,69,51,14,1,4,7,128.3103448,51,1.25,5,162.4050633,14,162.4050633,Moderate
42,11/21/2025,80,54,14,2,3,7,165.862069,54,2.5,3.75,162.4050633,14,165.862069,Moderate
43,11/22/2025,74,54,14,2,3,6,145.3793103,54,2.5,3.75,149.8734177,14,149.8734177,Moderate
44,11/23/2025,74,45,14,2,2,6,145.3793103,45,2.5,2.5,149.8734177,14,149.8734177,Moderate
45,11/24/2025,64,39,14,2,1,7,111.2413793,39,2.5,1.25,162.4050633,14,162.4050633,Moderate
46,11/25/2025,58,46,14,2,3,7,96.62068966,46,2.5,3.75,162.4050633,14,162.4050633,Moderate
47,11/26/2025,67,51,14,2,7,8,121.4827586,51,2.5,8.75,174.9367089,14,174.9367089,Moderate
48,11/27/2025,73,56,14,2,1,6,141.9655172,56,2.5,1.25,149.8734177,14,149.8734177,Moderate
49,12/1/2025,81,57,14,1,1,7,169.2758621,57,1.25,1.25,162.4050633,14,169.2758621,Moderate
50,12/2/2025,84,57,14,2,1,8,179.5172414,57,2.5,1.25,174.9367089,14,179.5172414,Moderate
51,12/3/2025,84,60,14,2,1,6,179.5172414,60,2.5,1.25,149.8734177,14,179.5172414,Moderate
52,12/4/2025,85,53,14,1,3,8,182.9310345,53,1.25,3.75,174.9367089,14,182.9310345,Moderate
53,12/5/2025,104,58,14,2,1,6,245.3793103,58,2.5,1.25,149.8734177,14,245.3793103,Poor
54,12/6/2025,144,61,14,2,1,5,318.6511628,61,2.5,1.25,137.3417722,14,318.6511628,Very Poor
55,12/8/2025,158,68,14,2,1,6,329.3953488,68,2.5,1.25,149.8734177,14,329.3953488,Very Poor
56,12/9/2025,159,62,14,2,1,5,330.1627907,62,2.5,1.25,137.3417722,14,330.1627907,Very Poor
57,12/10/2025,148,71,14,2,1,7,321.7209302,71,2.5,1.25,162.4050633,14,321.7209302,Very Poor
58,12/11/2025,165,77,14,1,2,6,334.7674419,77,1.25,2.5,149.8734177,14,334.7674419,Very Poor
59,12/12/2025,172,76,14,2,2,5,340.1395349,76,2.5,2.5,137.3417722,14,340.1395349,Very Poor
60,12/13/2025,170,73,14,2,2,6,338.6046512,73,2.5,2.5,149.8734177,14,338.6046512,Very Poor
61,12/14/2025,168,71,14,2,2,6,337.0697674,71,2.5,2.5,149.8734177,14,337.0697674,Very Poor
62,12/15/2025,164,67,14,2,2,7,334,67,2.5,2.5,162.4050633,14,334,Very Poor
63,12/16/2025,148,39,14,2,21,6,321.7209302,39,2.5,26.25,149.8734177,14,321.7209302,Very Poor
64,7/1/2025,76,53,14,2,1,7,152.2068966,53,2.5,1.25,162.4050633,14,162.4050633,Moderate
65,7/2/2025,76,53,14,2,1,7,152.2068966,53,2.5,1.25,162.4050633,14,162.4050633,Moderate
66,7/3/2025,76,54,14,2,1,7,152.2068966,54,2.5,1.25,162.4050633,14,162.4050633,Moderate
67,7/4/2025,80,55,14,2,1,6,165.862069,55,2.5,1.25,149.8734177,14,165.862069,Moderate
68,7/7/2025,77,56,14,1,1,8,155.6206897,56,1.25,1.25,174.9367089,14,174.9367089,Moderate
69,7/8/2025,79,55,14,2,1,5,162.4482759,55,2.5,1.25,137.3417722,14,162.4482759,Moderate
70,7/9/2025,83,57,14,2,1,9,176.1034483,57,2.5,1.25,187.4683544,14,187.4683544,Moderate
71,7/10/2025,88,57,14,2,2,7,193.1724138,57,2.5,2.5,162.4050633,14,193.1724138,Moderate
72,7/11/2025,86,56,14,2,2,6,186.3448276,56,2.5,2.5,149.8734177,14,186.3448276,Moderate
73,7/12/2025,79,55,14,2,1,7,162.4482759,55,2.5,1.25,162.4050633,14,162.4482759,Moderate
74,7/13/2025,78,57,14,2,1,7,159.0344828,57,2.5,1.25,162.4050633,14,162.4050633,Moderate
75,7/14/2025,82,58,14,2,1,6,172.6896552,58,2.5,1.25,149.8734177,14,172.6896552,Moderate
76,7/15/2025,85,57,14,2,2,7,182.9310345,57,2.5,2.5,162.4050633,14,182.9310345,Moderate
77,7/16/2025,81,53,14,2,2,6,169.2758621,53,2.5,2.5,149.8734177,14,169.2758621,Moderate
78,7/17/2025,74,53,14,2,2,7,145.3793103,53,2.5,2.5,162.4050633,14,162.4050633,Moderate
79,7/18/2025,71,50,14,2,16,6,135.137931,50,2.5,20,149.8734177,14,149.8734177,Moderate
80,7/19/2025,66,45,14,2,1,9,118.0689655,45,2.5,1.25,187.4683544,14,187.4683544,Moderate
81,7/20/2025,61,42,14,1,11,7,101,42,1.25,13.75,162.4050633,14,162.4050633,Moderate
82,7/21/2025,59,40,14,2,1,8,98.31034483,40,2.5,1.25,174.9367089,14,174.9367089,Moderate
83,7/22/2025,57,40,14,2,1,6,94.93103448,40,2.5,1.25,149.8734177,14,149.8734177,Moderate
84,7/23/2025,57,40,14,2,1,7,94.93103448,40,2.5,1.25,162.4050633,14,162.4050633,Moderate
85,7/28/2025,79,54,14,2,1,6,162.4482759,54,2.5,1.25,149.8734177,14,162.4482759,Moderate
86,7/29/2025,79,55,14,2,2,7,162.4482759,55,2.5,2.5,162.4050633,14,162.4482759,Moderate
87,7/30/2025,74,54,14,2,2,10,145.3793103,54,2.5,2.5,200,14,200,Moderate
88,7/31/2025,78,53,14,2,1,7,159.0344828,53,2.5,1.25,162.4050633,14,162.4050633,Moderate
89,8/3/2025,81,47,14,2,1,7,169.2758621,47,2.5,1.25,162.4050633,14,169.2758621,Moderate
90,8/4/2025,68,52,14,2,2,6,124.8965517,52,2.5,2.5,149.8734177,14,149.8734177,Moderate
91,8/5/2025,76,54,14,2,1,6,152.2068966,54,2.5,1.25,149.8734177,14,152.2068966,Moderate
92,8/6/2025,80,55,14,2,1,6,165.862069,55,2.5,1.25,149.8734177,14,165.862069,Moderate
93,8/7/2025,85,55,14,2,2,6,182.9310345,55,2.5,2.5,149.8734177,14,182.9310345,Moderate
94,8/8/2025,85,57,14,2,2,8,182.9310345,57,2.5,2.5,174.9367089,14,182.9310345,Moderate
95,8/9/2025,88,57,14,2,1,7,193.1724138,57,2.5,1.25,162.4050633,14,193.1724138,Moderate
96,8/10/2025,88,53,14,2,3,8,193.1724138,53,2.5,3.75,174.9367089,14,193.1724138,Moderate
97,8/11/2025,79,50,14,2,3,7,162.4482759,50,2.5,3.75,162.4050633,14,162.4482759,Moderate
98,8/12/2025,68,49,14,1,1,5,124.8965517,49,1.25,1.25,137.3417722,14,137.3417722,Moderate
99,8/13/2025,70,37,14,2,1,7,131.7241379,37,2.5,1.25,162.4050633,14,162.4050633,Moderate
100,8/15/2025,55,34,14,2,1,6,91.55172414,34,2.5,1.25,149.8734177,14,149.8734177,Moderate
101,8/18/2025,54,43,14,2,1,6,89.86206897,43,2.5,1.25,149.8734177,14,149.8734177,Moderate
102,8/19/2025,64,51,14,2,1,7,111.2413793,51,2.5,1.25,162.4050633,14,162.4050633,Moderate
103,8/20/2025,72,53,14,2,1,9,138.5517241,53,2.5,1.25,187.4683544,14,187.4683544,Moderate
104,8/21/2025,77,55,14,2,1,6,155.6206897,55,2.5,1.25,149.8734177,14,155.6206897,Moderate
105,8/22/2025,81,55,14,2,1,8,169.2758621,55,2.5,1.25,174.9367089,14,174.9367089,Moderate
106,8/23/2025,81,55,14,2,1,6,169.2758621,55,2.5,1.25,149.8734177,14,169.2758621,Moderate
107,8/24/2025,80,55,14,2,2,7,165.862069,55,2.5,2.5,162.4050633,14,165.862069,Moderate
108,8/25/2025,79,57,14,2,2,6,162.4482759,57,2.5,2.5,149.8734177,14,162.4482759,Moderate
109,8/26/2025,79,57,14,2,1,7,162.4482759,57,2.5,1.25,162.4050633,14,162.4482759,Moderate
110,8/27/2025,78,56,14,2,1,6,159.0344828,56,2.5,1.25,149.8734177,14,159.0344828,Moderate
111,8/28/2025,77,54,14,2,1,7,155.6206897,54,2.5,1.25,162.4050633,14,162.4050633,Moderate
112,8/29/2025,72,52,14,2,2,5,138.5517241,52,2.5,2.5,137.3417722,14,138.5517241,Moderate
113,8/31/2025,75,50,14,1,2,6,148.7931034,50,1.25,2.5,149.8734177,14,149.8734177,Moderate
114,9/1/2025,78,53,14,2,2,6,159.0344828,53,2.5,2.5,149.8734177,14,159.0344828,Moderate
115,9/2/2025,81,51,14,2,1,6,169.2758621,51,2.5,1.25,149.8734177,14,169.2758621,Moderate
116,9/5/2025,74,52,14,2,1,6,145.3793103,52,2.5,1.25,149.8734177,14,149.8734177,Moderate
117,9/6/2025,74,51,14,2,2,6,145.3793103,51,2.5,2.5,149.8734177,14,149.8734177,Moderate
118,9/7/2025,73,53,14,2,2,6,141.9655172,53,2.5,2.5,149.8734177,14,149.8734177,Moderate
119,9/8/2025,76,56,14,2,2,6,152.2068966,56,2.5,2.5,149.8734177,14,152.2068966,Moderate
120,9/9/2025,80,55,14,1,1,6,165.862069,55,1.25,1.25,149.8734177,14,165.862069,Moderate
121,9/10/2025,79,57,14,1,2,7,162.4482759,57,1.25,2.5,162.4050633,14,162.4482759,Moderate
122,9/11/2025,75,58,14,2,1,7,148.7931034,58,2.5,1.25,162.4050633,14,162.4050633,Moderate
123,9/12/2025,76,58,14,2,1,6,152.2068966,58,2.5,1.25,149.8734177,14,152.2068966,Moderate
124,9/13/2025,76,58,14,2,1,6,152.2068966,58,2.5,1.25,149.8734177,14,152.2068966,Moderate
125,9/14/2025,76,56,14,2,4,6,152.2068966,56,2.5,5,149.8734177,14,152.2068966,Moderate
126,9/15/2025,79,53,14,2,3,8,162.4482759,53,2.5,3.75,174.9367089,14,174.9367089,Moderate
127,9/16/2025,84,52,14,2,2,8,179.5172414,52,2.5,2.5,174.9367089,14,179.5172414,Moderate
128,9/17/2025,75,51,14,2,2,6,148.7931034,51,2.5,2.5,149.8734177,14,149.8734177,Moderate
129,9/18/2025,69,53,14,2,1,6,128.3103448,53,2.5,1.25,149.8734177,14,149.8734177,Moderate
130,9/19/2025,77,54,14,2,2,8,155.6206897,54,2.5,2.5,174.9367089,14,174.9367089,Moderate
131,9/20/2025,78,56,14,2,2,8,159.0344828,56,2.5,2.5,174.9367089,14,174.9367089,Moderate
132,9/21/2025,82,55,14,2,2,8,172.6896552,55,2.5,2.5,174.9367089,14,174.9367089,Moderate
133,9/22/2025,78,52,14,2,2,8,159.0344828,52,2.5,2.5,174.9367089,14,174.9367089,Moderate
134,9/24/2025,70,47,14,2,1,7,131.7241379,47,2.5,1.25,162.4050633,14,162.4050633,Moderate
135,9/27/2025,61,43,14,2,1,7,101,43,2.5,1.25,162.4050633,14,162.4050633,Moderate
136,9/28/2025,61,43,14,2,1,8,101,43,2.5,1.25,174.9367089,14,174.9367089,Moderate
137,4/1/2025,83,57,14,1,1,3,176.1034483,57,1.25,1.25,112.278481,14,176.1034483,Moderate
138,4/2/2025,76,54,14,1,1,4,152.2068966,54,1.25,1.25,124.8101266,14,152.2068966,Moderate
139,4/3/2025,71,54,14,2,2,3,135.137931,54,2.5,2.5,112.278481,14,135.137931,Moderate
140,4/4/2025,74,53,14,2,1,3,145.3793103,53,2.5,1.25,112.278481,14,145.3793103,Moderate
141,4/5/2025,77,52,14,2,1,3,155.6206897,52,2.5,1.25,112.278481,14,155.6206897,Moderate
142,4/6/2025,79,54,14,2,6,3,162.4482759,54,2.5,7.5,112.278481,14,162.4482759,Moderate
143,4/7/2025,82,55,14,2,1,4,172.6896552,55,2.5,1.25,124.8101266,14,172.6896552,Moderate
144,4/8/2025,85,56,14,1,1,3,182.9310345,56,1.25,1.25,112.278481,14,182.9310345,Moderate
145,4/9/2025,87,57,14,2,1,5,189.7586207,57,2.5,1.25,137.3417722,14,189.7586207,Moderate
146,4/10/2025,83,57,14,2,1,4,176.1034483,57,2.5,1.25,124.8101266,14,176.1034483,Moderate
147,4/11/2025,80,57,14,2,1,6,165.862069,57,2.5,1.25,149.8734177,14,165.862069,Moderate
148,4/12/2025,81,57,14,2,1,5,169.2758621,57,2.5,1.25,137.3417722,14,169.2758621,Moderate
149,4/14/2025,82,56,14,2,2,4,172.6896552,56,2.5,2.5,124.8101266,14,172.6896552,Moderate
150,4/15/2025,84,55,14,2,1,5,179.5172414,55,2.5,1.25,137.3417722,14,179.5172414,Moderate
151,4/16/2025,86,56,14,2,1,3,186.3448276,56,2.5,1.25,112.278481,14,186.3448276,Moderate
152,4/17/2025,83,57,14,1,1,4,176.1034483,57,1.25,1.25,124.8101266,14,176.1034483,Moderate
153,4/18/2025,79,57,14,2,1,4,162.4482759,57,2.5,1.25,124.8101266,14,162.4482759,Moderate
154,4/19/2025,78,56,14,2,1,4,159.0344828,56,2.5,1.25,124.8101266,14,159.0344828,Moderate
155,4/20/2025,74,58,14,2,2,4,145.3793103,58,2.5,2.5,124.8101266,14,145.3793103,Moderate
156,4/21/2025,80,58,14,2,1,4,165.862069,58,2.5,1.25,124.8101266,14,165.862069,Moderate
157,4/22/2025,88,56,14,1,2,4,193.1724138,56,1.25,2.5,124.8101266,14,193.1724138,Moderate
158,4/23/2025,89,58,14,2,1,4,196.5862069,58,2.5,1.25,124.8101266,14,196.5862069,Moderate
159,4/24/2025,87,58,14,2,1,4,189.7586207,58,2.5,1.25,124.8101266,14,189.7586207,Moderate
160,4/25/2025,80,55,14,2,1,4,165.862069,55,2.5,1.25,124.8101266,14,165.862069,Moderate
161,4/26/2025,77,55,14,2,1,3,155.6206897,55,2.5,1.25,112.278481,14,155.6206897,Moderate
162,4/27/2025,76,54,14,2,1,3,152.2068966,54,2.5,1.25,112.278481,14,152.2068966,Moderate
163,4/28/2025,74,55,14,2,2,3,145.3793103,55,2.5,2.5,112.278481,14,145.3793103,Moderate
164,4/29/2025,77,56,14,2,1,4,155.6206897,56,2.5,1.25,124.8101266,14,155.6206897,Moderate
165,4/30/2025,81,56,14,2,1,4,169.2758621,56,2.5,1.25,124.8101266,14,169.2758621,Moderate
166,5/1/2025,81,57,14,2,2,4,169.2758621,57,2.5,2.5,124.8101266,14,169.2758621,Moderate
167,5/2/2025,84,57,14,2,1,4,179.5172414,57,2.5,1.25,124.8101266,14,179.5172414,Moderate
168,5/3/2025,84,53,14,2,1,5,179.5172414,53,2.5,1.25,137.3417722,14,179.5172414,Moderate
169,5/4/2025,76,54,14,2,1,4,152.2068966,54,2.5,1.25,124.8101266,14,152.2068966,Moderate
170,5/5/2025,74,56,14,2,1,4,145.3793103,56,2.5,1.25,124.8101266,14,145.3793103,Moderate
171,5/6/2025,69,51,14,1,1,3,128.3103448,51,1.25,1.25,112.278481,14,128.3103448,Moderate
172,5/7/2025,71,53,14,2,1,5,135.137931,53,2.5,1.25,137.3417722,14,137.3417722,Moderate
173,5/8/2025,78,55,14,2,2,4,159.0344828,55,2.5,2.5,124.8101266,14,159.0344828,Moderate
174,5/9/2025,76,56,14,2,1,4,152.2068966,56,2.5,1.25,124.8101266,14,152.2068966,Moderate
175,5/10/2025,81,56,14,1,1,3,169.2758621,56,1.25,1.25,112.278481,14,169.2758621,Moderate
176,5/11/2025,80,55,14,2,1,4,165.862069,55,2.5,1.25,124.8101266,14,165.862069,Moderate
177,5/12/2025,78,54,14,2,1,4,159.0344828,54,2.5,1.25,124.8101266,14,159.0344828,Moderate
178,5/13/2025,76,55,14,1,2,4,152.2068966,55,1.25,2.5,124.8101266,14,152.2068966,Moderate
179,5/14/2025,80,57,14,1,1,4,165.862069,57,1.25,1.25,124.8101266,14,165.862069,Moderate
180,5/15/2025,84,58,14,2,1,5,179.5172414,58,2.5,1.25,137.3417722,14,179.5172414,Moderate
181,5/16/2025,82,54,14,2,1,5,172.6896552,54,2.5,1.25,137.3417722,14,172.6896552,Moderate
182,5/17/2025,72,51,14,1,2,3,138.5517241,51,1.25,2.5,112.278481,14,138.5517241,Moderate
183,5/18/2025,65,51,14,1,1,3,114.6551724,51,1.25,1.25,112.278481,14,114.6551724,Moderate
184,5/19/2025,64,52,14,2,1,5,111.2413793,52,2.5,1.25,137.3417722,14,137.3417722,Moderate
185,5/20/2025,68,52,14,2,2,5,124.8965517,52,2.5,2.5,137.3417722,14,137.3417722,Moderate
186,5/21/2025,68,51,14,2,1,4,124.8965517,51,2.5,1.25,124.8101266,14,124.8965517,Moderate
187,5/22/2025,66,54,14,2,1,4,118.0689655,54,2.5,1.25,124.8101266,14,124.8101266,Moderate
188,6/10/2025,69,52,14,2,1,5,128.3103448,52,2.5,1.25,137.3417722,14,137.3417722,Moderate
189,6/11/2025,69,52,14,2,1,6,128.3103448,52,2.5,1.25,149.8734177,14,149.8734177,Moderate
190,6/12/2025,72,49,14,1,2,6,138.5517241,49,1.25,2.5,149.8734177,14,149.8734177,Moderate
191,6/13/2025,69,51,14,2,2,7,128.3103448,51,2.5,2.5,162.4050633,14,162.4050633,Moderate
192,6/16/2025,60,50,14,2,2,6,100,50,2.5,2.5,149.8734177,14,149.8734177,Moderate
193,6/17/2025,59,44,14,2,3,10,98.31034483,44,2.5,3.75,200,14,200,Moderate
194,6/18/2025,69,43,14,1,1,9,128.3103448,43,1.25,1.25,187.4683544,14,187.4683544,Moderate
195,6/19/2025,68,44,14,2,2,9,124.8965517,44,2.5,2.5,187.4683544,14,187.4683544,Moderate
196,6/20/2025,70,44,14,2,2,9,131.7241379,44,2.5,2.5,187.4683544,14,187.4683544,Moderate
197,6/21/2025,69,44,14,2,2,7,128.3103448,44,2.5,2.5,162.4050633,14,162.4050633,Moderate
198,6/22/2025,70,47,14,2,1,7,131.7241379,47,2.5,1.25,162.4050633,14,162.4050633,Moderate
199,6/23/2025,73,50,14,2,3,9,141.9655172,50,2.5,3.75,187.4683544,14,187.4683544,Moderate
200,6/24/2025,74,50,14,2,3,8,145.3793103,50,2.5,3.75,174.9367089,14,174.9367089,Moderate
201,6/25/2025,73,44,14,1,2,8,141.9655172,44,1.25,2.5,174.9367089,14,174.9367089,Moderate
202,6/26/2025,67,42,14,2,3,9,121.4827586,42,2.5,3.75,187.4683544,14,187.4683544,Moderate
203,6/27/2025,61,47,14,2,2,9,101,47,2.5,2.5,187.4683544,14,187.4683544,Moderate
204,6/28/2025,68,46,14,1,1,8,124.8965517,46,1.25,1.25,174.9367089,14,174.9367089,Moderate
205,6/29/2025,67,51,14,1,1,7,121.4827586,51,1.25,1.25,162.4050633,14,162.4050633,Moderate
206,6/30/2025,75,53,14,2,1,7,148.7931034,53,2.5,1.25,162.4050633,14,162.4050633,Moderate
207,1/1/2025,82,55,14,2,2,4,172.6896552,55,2.5,2.5,124.8101266,14,172.6896552,Moderate
208,1/2/2025,85,57,14,2,1,5,182.9310345,57,2.5,1.25,137.3417722,14,182.9310345,Moderate
209,1/5/2025,73,56,14,1,1,5,141.9655172,56,1.25,1.25,137.3417722,14,141.9655172,Moderate
210,1/6/2025,70,55,14,1,2,4,131.7241379,55,1.25,2.5,124.8101266,14,131.7241379,Moderate
211,1/7/2025,73,58,14,2,2,4,141.9655172,58,2.5,2.5,124.8101266,14,141.9655172,Moderate
212,1/8/2025,81,57,14,1,2,5,169.2758621,57,1.25,2.5,137.3417722,14,169.2758621,Moderate
213,1/9/2025,81,58,14,2,1,5,169.2758621,58,2.5,1.25,137.3417722,14,169.2758621,Moderate
214,1/10/2025,85,56,14,2,1,4,182.9310345,56,2.5,1.25,124.8101266,14,182.9310345,Moderate
215,1/11/2025,76,55,14,2,2,4,152.2068966,55,2.5,2.5,124.8101266,14,152.2068966,Moderate
216,1/12/2025,76,54,14,1,3,4,152.2068966,54,1.25,3.75,124.8101266,14,152.2068966,Moderate
217,1/13/2025,79,54,14,2,3,5,162.4482759,54,2.5,3.75,137.3417722,14,162.4482759,Moderate
218,1/14/2025,81,52,14,1,3,4,169.2758621,52,1.25,3.75,124.8101266,14,169.2758621,Moderate
219,1/15/2025,84,54,14,2,3,4,179.5172414,54,2.5,3.75,124.8101266,14,179.5172414,Moderate
220,1/16/2025,84,54,14,2,1,4,179.5172414,54,2.5,1.25,124.8101266,14,179.5172414,Moderate
221,1/17/2025,75,55,14,2,3,4,148.7931034,55,2.5,3.75,124.8101266,14,148.7931034,Moderate
222,1/18/2025,80,56,14,2,2,5,165.862069,56,2.5,2.5,137.3417722,14,165.862069,Moderate
223,1/19/2025,84,58,14,2,2,4,179.5172414,58,2.5,2.5,124.8101266,14,179.5172414,Moderate
224,1/20/2025,87,56,14,1,2,4,189.7586207,56,1.25,2.5,124.8101266,14,189.7586207,Moderate
225,1/21/2025,79,55,14,2,2,5,162.4482759,55,2.5,2.5,137.3417722,14,162.4482759,Moderate
226,1/22/2025,72,54,14,2,2,5,138.5517241,54,2.5,2.5,137.3417722,14,138.5517241,Moderate
227,1/23/2025,70,53,14,2,3,5,131.7241379,53,2.5,3.75,137.3417722,14,137.3417722,Moderate
228,1/24/2025,71,55,14,2,4,4,135.137931,55,2.5,5,124.8101266,14,135.137931,Moderate
229,1/25/2025,77,54,14,2,2,4,155.6206897,54,2.5,2.5,124.8101266,14,155.6206897,Moderate
230,1/26/2025,75,56,14,1,2,4,148.7931034,56,1.25,2.5,124.8101266,14,148.7931034,Moderate
231,1/27/2025,83,58,14,2,2,4,176.1034483,58,2.5,2.5,124.8101266,14,176.1034483,Moderate
232,1/28/2025,91,58,14,2,2,5,201,58,2.5,2.5,137.3417722,14,201,Poor
233,1/29/2025,91,56,14,2,1,5,201,56,2.5,1.25,137.3417722,14,201,Poor
234,1/30/2025,83,54,14,2,2,6,176.1034483,54,2.5,2.5,149.8734177,14,176.1034483,Moderate
235,1/31/2025,76,56,14,2,2,5,152.2068966,56,2.5,2.5,137.3417722,14,152.2068966,Moderate
236,2/1/2025,82,59,14,2,3,4,172.6896552,59,2.5,3.75,124.8101266,14,172.6896552,Moderate
237,2/2/2025,87,57,14,1,2,5,189.7586207,57,1.25,2.5,137.3417722,14,189.7586207,Moderate
238,2/3/2025,89,57,14,2,2,4,196.5862069,57,2.5,2.5,124.8101266,14,196.5862069,Moderate
239,2/4/2025,92,57,14,2,1,5,204.4137931,57,2.5,1.25,137.3417722,14,204.4137931,Poor
240,2/5/2025,85,59,14,2,3,6,182.9310345,59,2.5,3.75,149.8734177,14,182.9310345,Moderate
241,2/6/2025,73,56,14,2,2,5,141.9655172,56,2.5,2.5,137.3417722,14,141.9655172,Moderate
242,2/7/2025,77,53,14,2,1,4,155.6206897,53,2.5,1.25,124.8101266,14,155.6206897,Moderate
243,2/8/2025,81,52,14,2,2,5,169.2758621,52,2.5,2.5,137.3417722,14,169.2758621,Moderate
244,2/9/2025,80,54,14,2,3,5,165.862069,54,2.5,3.75,137.3417722,14,165.862069,Moderate
245,2/10/2025,87,55,14,2,1,4,189.7586207,55,2.5,1.25,124.8101266,14,189.7586207,Moderate
246,2/11/2025,87,56,14,1,3,5,189.7586207,56,1.25,3.75,137.3417722,14,189.7586207,Moderate
247,2/12/2025,84,58,14,2,2,6,179.5172414,58,2.5,2.5,149.8734177,14,179.5172414,Moderate
248,2/13/2025,87,59,14,2,1,8,189.7586207,59,2.5,1.25,174.9367089,14,189.7586207,Moderate
249,2/14/2025,89,54,14,2,2,6,196.5862069,54,2.5,2.5,149.8734177,14,196.5862069,Moderate
250,2/15/2025,81,54,14,2,1,5,169.2758621,54,2.5,1.25,137.3417722,14,169.2758621,Moderate
251,2/16/2025,81,56,14,2,1,6,169.2758621,56,2.5,1.25,149.8734177,14,169.2758621,Moderate
252,2/17/2025,84,59,14,2,2,5,179.5172414,59,2.5,2.5,137.3417722,14,179.5172414,Moderate
253,2/18/2025,89,57,14,2,1,5,196.5862069,57,2.5,1.25,137.3417722,14,196.5862069,Moderate
254,2/19/2025,84,55,14,2,3,7,179.5172414,55,2.5,3.75,162.4050633,14,179.5172414,Moderate
255,2/20/2025,79,54,14,2,1,6,162.4482759,54,2.5,1.25,149.8734177,14,162.4482759,Moderate
256,2/21/2025,81,53,14,2,1,6,169.2758621,53,2.5,1.25,149.8734177,14,169.2758621,Moderate
257,2/22/2025,84,53,14,2,2,7,179.5172414,53,2.5,2.5,162.4050633,14,179.5172414,Moderate
258,2/23/2025,84,57,14,2,1,6,179.5172414,57,2.5,1.25,149.8734177,14,179.5172414,Moderate
259,2/24/2025,87,60,14,2,1,5,189.7586207,60,2.5,1.25,137.3417722,14,189.7586207,Moderate
260,2/25/2025,89,59,14,2,1,7,196.5862069,59,2.5,1.25,162.4050633,14,196.5862069,Moderate
261,2/26/2025,89,57,14,2,2,6,196.5862069,57,2.5,2.5,149.8734177,14,196.5862069,Moderate
262,2/27/2025,81,54,14,2,1,7,169.2758621,54,2.5,1.25,162.4050633,14,169.2758621,Moderate
263,2/28/2025,75,55,14,2,1,9,148.7931034,55,2.5,1.25,187.4683544,14,187.4683544,Moderate
264,3/1/2025,78,56,14,2,1,8,159.0344828,56,2.5,1.25,174.9367089,14,174.9367089,Moderate
265,3/2/2025,82,55,14,2,1,8,172.6896552,55,2.5,1.25,174.9367089,14,174.9367089,Moderate
266,3/3/2025,77,53,14,2,2,7,155.6206897,53,2.5,2.5,162.4050633,14,162.4050633,Moderate
267,3/4/2025,72,55,14,2,2,9,138.5517241,55,2.5,2.5,187.4683544,14,187.4683544,Moderate
268,3/5/2025,76,55,14,1,1,9,152.2068966,55,1.25,1.25,187.4683544,14,187.4683544,Moderate
269,3/6/2025,78,56,14,2,1,8,159.0344828,56,2.5,1.25,174.9367089,14,174.9367089,Moderate
270,3/7/2025,81,57,14,2,1,9,169.2758621,57,2.5,1.25,187.4683544,14,187.4683544,Moderate
271,3/8/2025,83,57,14,2,1,9,176.1034483,57,2.5,1.25,187.4683544,14,187.4683544,Moderate
272,3/9/2025,83,57,14,2,1,7,176.1034483,57,2.5,1.25,162.4050633,14,176.1034483,Moderate
273,3/10/2025,83,54,14,2,2,6,176.1034483,54,2.5,2.5,149.8734177,14,176.1034483,Moderate
274,3/11/2025,79,52,14,1,2,6,162.4482759,52,1.25,2.5,149.8734177,14,162.4482759,Moderate
275,3/12/2025,76,55,14,2,1,3,152.2068966,55,2.5,1.25,112.278481,14,152.2068966,Moderate
276,3/13/2025,83,58,14,2,1,3,176.1034483,58,2.5,1.25,112.278481,14,176.1034483,Moderate
277,3/14/2025,85,57,14,2,2,3,182.9310345,57,2.5,2.5,112.278481,14,182.9310345,Moderate
278,3/15/2025,82,57,14,2,1,3,172.6896552,57,2.5,1.25,112.278481,14,172.6896552,Moderate
279,3/16/2025,84,56,14,2,1,3,179.5172414,56,2.5,1.25,112.278481,14,179.5172414,Moderate
280,3/17/2025,82,55,14,2,1,4,172.6896552,55,2.5,1.25,124.8101266,14,172.6896552,Moderate
281,3/18/2025,78,55,14,2,2,3,159.0344828,55,2.5,2.5,112.278481,14,159.0344828,Moderate
282,3/19/2025,78,54,14,2,2,3,159.0344828,54,2.5,2.5,112.278481,14,159.0344828,Moderate
283,3/20/2025,75,54,14,1,2,3,148.7931034,54,1.25,2.5,112.278481,14,148.7931034,Moderate
284,3/21/2025,77,57,14,2,1,4,155.6206897,57,2.5,1.25,124.8101266,14,155.6206897,Moderate
285,3/22/2025,83,57,14,2,1,3,176.1034483,57,2.5,1.25,112.278481,14,176.1034483,Moderate
286,3/23/2025,83,58,14,2,2,4,176.1034483,58,2.5,2.5,124.8101266,14,176.1034483,Moderate
287,3/24/2025,85,60,14,2,1,3,182.9310345,60,2.5,1.25,112.278481,14,182.9310345,Moderate
288,3/25/2025,89,60,14,2,1,4,196.5862069,60,2.5,1.25,124.8101266,14,196.5862069,Moderate
289,3/26/2025,90,56,14,2,1,4,200,56,2.5,1.25,124.8101266,14,200,Moderate
290,3/27/2025,83,55,14,2,2,4,176.1034483,55,2.5,2.5,124.8101266,14,176.1034483,Moderate
291,3/28/2025,80,55,14,2,2,3,165.862069,55,2.5,2.5,112.278481,14,165.862069,Moderate
292,3/29/2025,75,56,14,1,2,3,148.7931034,56,1.25,2.5,112.278481,14,148.7931034,Moderate
293,3/30/2025,72,58,14,2,4,3,138.5517241,58,2.5,5,112.278481,14,138.5517241,Moderate
294,3/31/2025,77,60,14,2,1,4,155.6206897,60,2.5,1.25,124.8101266,14,155.6206897,Moderate
295,10/1/2024,78,52,14,2,1,3,159.0344828,52,2.5,1.25,112.278481,14,159.0344828,Moderate
296,10/2/2024,78,52,14,2,1,4,159.0344828,52,2.5,1.25,124.8101266,14,159.0344828,Moderate
297,10/3/2024,82,53,14,1,2,3,172.6896552,53,1.25,2.5,112.278481,14,172.6896552,Moderate
298,10/4/2024,87,53,14,1,1,4,189.7586207,53,1.25,1.25,124.8101266,14,189.7586207,Moderate
299,10/5/2024,86,52,14,1,1,3,186.3448276,52,1.25,1.25,112.278481,14,186.3448276,Moderate
300,10/6/2024,83,51,14,1,1,3,176.1034483,51,1.25,1.25,112.278481,14,176.1034483,Moderate
301,10/7/2024,77,49,14,1,1,3,155.6206897,49,1.25,1.25,112.278481,14,155.6206897,Moderate
302,10/8/2024,75,49,14,1,1,3,148.7931034,49,1.25,1.25,112.278481,14,148.7931034,Moderate
303,10/9/2024,81,51,14,2,2,4,169.2758621,51,2.5,2.5,124.8101266,14,169.2758621,Moderate
304,10/10/2024,86,51,14,2,1,3,186.3448276,51,2.5,1.25,112.278481,14,186.3448276,Moderate
305,10/11/2024,86,51,14,2,1,3,186.3448276,51,2.5,1.25,112.278481,14,186.3448276,Moderate
306,10/12/2024,86,52,14,2,1,4,186.3448276,52,2.5,1.25,124.8101266,14,186.3448276,Moderate
307,10/13/2024,87,52,14,1,1,5,189.7586207,52,1.25,1.25,137.3417722,14,189.7586207,Moderate
308,10/14/2024,87,54,14,2,2,4,189.7586207,54,2.5,2.5,124.8101266,14,189.7586207,Moderate
309,10/15/2024,90,54,14,2,2,3,200,54,2.5,2.5,112.278481,14,200,Moderate
310,10/16/2024,88,54,14,1,2,4,193.1724138,54,1.25,2.5,124.8101266,14,193.1724138,Moderate
311,10/17/2024,86,57,14,2,2,4,186.3448276,57,2.5,2.5,124.8101266,14,186.3448276,Moderate
312,10/18/2024,87,55,14,1,2,3,189.7586207,55,1.25,2.5,112.278481,14,189.7586207,Moderate
313,10/19/2024,85,56,14,2,1,3,182.9310345,56,2.5,1.25,112.278481,14,182.9310345,Moderate
314,10/20/2024,89,56,14,2,1,5,196.5862069,56,2.5,1.25,137.3417722,14,196.5862069,Moderate
315,10/21/2024,89,56,14,2,4,4,196.5862069,56,2.5,5,124.8101266,14,196.5862069,Moderate
316,10/22/2024,89,55,14,1,1,3,196.5862069,55,1.25,1.25,112.278481,14,196.5862069,Moderate
317,10/23/2024,88,54,14,1,2,3,193.1724138,54,1.25,2.5,112.278481,14,193.1724138,Moderate
318,10/26/2024,59,41,14,2,2,4,98.31034483,41,2.5,2.5,124.8101266,14,124.8101266,Moderate
319,10/27/2024,60,43,14,2,1,4,100,43,2.5,1.25,124.8101266,14,124.8101266,Moderate
320,10/28/2024,62,48,14,1,1,4,104.4137931,48,1.25,1.25,124.8101266,14,124.8101266,Moderate
321,10/29/2024,70,53,14,1,1,4,131.7241379,53,1.25,1.25,124.8101266,14,131.7241379,Moderate
322,10/30/2024,79,57,14,1,2,4,162.4482759,57,1.25,2.5,124.8101266,14,162.4482759,Moderate
323,10/31/2024,84,56,14,1,1,4,179.5172414,56,1.25,1.25,124.8101266,14,179.5172414,Moderate
324,11/1/2024,80,55,14,2,1,4,165.862069,55,2.5,1.25,124.8101266,14,165.862069,Moderate
325,11/2/2024,76,55,14,2,2,3,152.2068966,55,2.5,2.5,112.278481,14,152.2068966,Moderate
326,11/3/2024,74,54,14,2,2,4,145.3793103,54,2.5,2.5,124.8101266,14,145.3793103,Moderate
327,11/4/2024,77,51,14,2,1,4,155.6206897,51,2.5,1.25,124.8101266,14,155.6206897,Moderate
328,11/5/2024,68,50,14,2,1,4,124.8965517,50,2.5,1.25,124.8101266,14,124.8965517,Moderate
329,11/6/2024,60,50,14,2,2,4,100,50,2.5,2.5,124.8101266,14,124.8101266,Moderate
330,11/7/2024,63,50,14,2,1,5,107.8275862,50,2.5,1.25,137.3417722,14,137.3417722,Moderate
331,11/8/2024,69,45,14,2,1,4,128.3103448,45,2.5,1.25,124.8101266,14,128.3103448,Moderate
332,11/9/2024,67,45,14,2,2,4,121.4827586,45,2.5,2.5,124.8101266,14,124.8101266,Moderate
333,11/10/2024,67,51,14,2,2,5,121.4827586,51,2.5,2.5,137.3417722,14,137.3417722,Moderate
334,11/11/2024,70,55,14,1,1,5,131.7241379,55,1.25,1.25,137.3417722,14,137.3417722,Moderate
335,11/12/2024,74,55,14,1,1,4,145.3793103,55,1.25,1.25,124.8101266,14,145.3793103,Moderate
336,11/13/2024,80,54,14,2,1,4,165.862069,54,2.5,1.25,124.8101266,14,165.862069,Moderate
337,11/14/2024,81,53,14,2,2,5,169.2758621,53,2.5,2.5,137.3417722,14,169.2758621,Moderate
338,11/15/2024,75,54,14,2,1,5,148.7931034,54,2.5,1.25,137.3417722,14,148.7931034,Moderate
339,11/16/2024,76,55,14,2,1,5,152.2068966,55,2.5,1.25,137.3417722,14,152.2068966,Moderate
340,11/17/2024,80,55,14,1,4,5,165.862069,55,1.25,5,137.3417722,14,165.862069,Moderate
341,11/18/2024,80,55,14,2,1,6,165.862069,55,2.5,1.25,149.8734177,14,165.862069,Moderate
342,11/19/2024,81,53,14,2,2,5,169.2758621,53,2.5,2.5,137.3417722,14,169.2758621,Moderate
343,11/20/2024,71,51,14,2,1,6,135.137931,51,2.5,1.25,149.8734177,14,149.8734177,Moderate
344,11/21/2024,66,52,14,2,1,4,118.0689655,52,2.5,1.25,124.8101266,14,124.8101266,Moderate
345,11/22/2024,72,54,14,2,2,5,138.5517241,54,2.5,2.5,137.3417722,14,138.5517241,Moderate
346,11/23/2024,76,55,14,2,1,5,152.2068966,55,2.5,1.25,137.3417722,14,152.2068966,Moderate
347,11/24/2024,78,55,14,1,1,5,159.0344828,55,1.25,1.25,137.3417722,14,159.0344828,Moderate
348,11/25/2024,80,54,14,2,1,5,165.862069,54,2.5,1.25,137.3417722,14,165.862069,Moderate
349,11/26/2024,77,49,14,1,1,6,155.6206897,49,1.25,1.25,149.8734177,14,155.6206897,Moderate
350,11/27/2024,70,47,14,2,1,5,131.7241379,47,2.5,1.25,137.3417722,14,137.3417722,Moderate
351,11/28/2024,70,50,14,1,2,6,131.7241379,50,1.25,2.5,149.8734177,14,149.8734177,Moderate
352,11/29/2024,80,51,14,1,1,5,165.862069,51,1.25,1.25,137.3417722,14,165.862069,Moderate
353,11/30/2024,83,53,14,2,1,4,176.1034483,53,2.5,1.25,124.8101266,14,176.1034483,Moderate
354,12/1/2024,80,53,14,2,1,4,165.862069,53,2.5,1.25,124.8101266,14,165.862069,Moderate
355,12/2/2024,80,54,14,1,1,5,165.862069,54,1.25,1.25,137.3417722,14,165.862069,Moderate
356,12/3/2024,82,53,14,1,1,4,172.6896552,53,1.25,1.25,124.8101266,14,172.6896552,Moderate
357,12/4/2024,83,55,14,1,1,5,176.1034483,55,1.25,1.25,137.3417722,14,176.1034483,Moderate
358,12/5/2024,81,55,14,1,1,4,169.2758621,55,1.25,1.25,124.8101266,14,169.2758621,Moderate
359,12/6/2024,75,54,14,2,1,4,148.7931034,54,2.5,1.25,124.8101266,14,148.7931034,Moderate
360,12/7/2024,72,54,14,2,2,3,138.5517241,54,2.5,2.5,112.278481,14,138.5517241,Moderate
361,12/9/2024,73,55,14,2,2,5,141.9655172,55,2.5,2.5,137.3417722,14,141.9655172,Moderate
362,12/11/2024,81,53,14,1,1,5,169.2758621,53,1.25,1.25,137.3417722,14,169.2758621,Moderate
363,12/13/2024,65,50,14,1,1,4,114.6551724,50,1.25,1.25,124.8101266,14,124.8101266,Moderate
364,12/14/2024,61,50,14,2,1,4,101,50,2.5,1.25,124.8101266,14,124.8101266,Moderate
365,12/15/2024,61,52,14,2,1,4,101,52,2.5,1.25,124.8101266,14,124.8101266,Moderate
366,12/16/2024,66,53,14,2,1,4,118.0689655,53,2.5,1.25,124.8101266,14,124.8101266,Moderate
367,12/17/2024,72,55,14,2,1,5,138.5517241,55,2.5,1.25,137.3417722,14,138.5517241,Moderate
368,12/18/2024,77,56,14,2,1,5,155.6206897,56,2.5,1.25,137.3417722,14,155.6206897,Moderate
369,12/19/2024,81,57,14,1,1,5,169.2758621,57,1.25,1.25,137.3417722,14,169.2758621,Moderate
370,12/21/2024,88,58,14,2,1,4,193.1724138,58,2.5,1.25,124.8101266,14,193.1724138,Moderate
371,12/22/2024,89,57,14,2,1,4,196.5862069,57,2.5,1.25,124.8101266,14,196.5862069,Moderate
372,12/23/2024,85,55,14,2,1,4,182.9310345,55,2.5,1.25,124.8101266,14,182.9310345,Moderate
373,12/24/2024,81,54,14,2,1,4,169.2758621,54,2.5,1.25,124.8101266,14,169.2758621,Moderate
374,12/26/2024,74,55,14,2,1,4,145.3793103,55,2.5,1.25,124.8101266,14,145.3793103,Moderate
375,12/27/2024,72,54,14,1,1,3,138.5517241,54,1.25,1.25,112.278481,14,138.5517241,Moderate
376,12/28/2024,76,52,14,1,1,3,152.2068966,52,1.25,1.25,112.278481,14,152.2068966,Moderate
377,7/1/2024,58,47,14,2,1,5,96.62068966,47,2.5,1.25,137.3417722,14,137.3417722,Moderate
378,7/2/2024,62,48,14,2,1,4,104.4137931,48,2.5,1.25,124.8101266,14,124.8101266,Moderate
379,7/3/2024,65,50,14,2,1,4,114.6551724,50,2.5,1.25,124.8101266,14,124.8101266,Moderate
380,7/4/2024,69,50,14,2,1,3,128.3103448,50,2.5,1.25,112.278481,14,128.3103448,Moderate
381,7/5/2024,70,47,14,2,1,6,131.7241379,47,2.5,1.25,149.8734177,14,149.8734177,Moderate
382,7/6/2024,61,48,14,2,1,4,101,48,2.5,1.25,124.8101266,14,124.8101266,Moderate
383,7/7/2024,62,49,14,2,1,4,104.4137931,49,2.5,1.25,124.8101266,14,124.8101266,Moderate
384,7/8/2024,63,51,14,2,2,5,107.8275862,51,2.5,2.5,137.3417722,14,137.3417722,Moderate
385,7/11/2024,60,50,14,2,1,4,100,50,2.5,1.25,124.8101266,14,124.8101266,Moderate
386,7/13/2024,59,45,14,2,1,4,98.31034483,45,2.5,1.25,124.8101266,14,124.8101266,Moderate
387,7/14/2024,59,46,14,2,2,3,98.31034483,46,2.5,2.5,112.278481,14,112.278481,Moderate
388,7/16/2024,57,43,14,2,1,4,94.93103448,43,2.5,1.25,124.8101266,14,124.8101266,Moderate
389,7/17/2024,57,43,14,2,1,3,94.93103448,43,2.5,1.25,112.278481,14,112.278481,Moderate
390,7/18/2024,57,46,14,2,1,4,94.93103448,46,2.5,1.25,124.8101266,14,124.8101266,Moderate
391,7/19/2024,66,44,14,1,1,4,118.0689655,44,1.25,1.25,124.8101266,14,124.8101266,Moderate
392,7/20/2024,64,45,14,2,1,4,111.2413793,45,2.5,1.25,124.8101266,14,124.8101266,Moderate
393,7/21/2024,64,44,14,2,2,4,111.2413793,44,2.5,2.5,124.8101266,14,124.8101266,Moderate
394,7/23/2024,66,50,14,1,1,4,118.0689655,50,1.25,1.25,124.8101266,14,124.8101266,Moderate
395,7/24/2024,70,51,14,2,1,3,131.7241379,51,2.5,1.25,112.278481,14,131.7241379,Moderate
396,7/25/2024,70,51,14,2,1,4,131.7241379,51,2.5,1.25,124.8101266,14,131.7241379,Moderate
397,7/26/2024,72,50,14,1,1,3,138.5517241,50,1.25,1.25,112.278481,14,138.5517241,Moderate
398,7/27/2024,69,49,14,1,1,3,128.3103448,49,1.25,1.25,112.278481,14,128.3103448,Moderate
399,7/28/2024,67,48,14,2,1,5,121.4827586,48,2.5,1.25,137.3417722,14,137.3417722,Moderate
400,7/29/2024,66,45,14,1,1,4,118.0689655,45,1.25,1.25,124.8101266,14,124.8101266,Moderate
401,8/1/2024,76,50,14,1,1,4,152.2068966,50,1.25,1.25,124.8101266,14,152.2068966,Moderate
402,8/2/2024,79,51,14,2,1,4,162.4482759,51,2.5,1.25,124.8101266,14,162.4482759,Moderate
403,8/4/2024,78,51,14,1,1,5,159.0344828,51,1.25,1.25,137.3417722,14,159.0344828,Moderate
404,8/5/2024,81,52,14,2,1,3,169.2758621,52,2.5,1.25,112.278481,14,169.2758621,Moderate
405,8/7/2024,81,53,14,1,1,4,169.2758621,53,1.25,1.25,124.8101266,14,169.2758621,Moderate
406,8/8/2024,82,53,14,1,1,4,172.6896552,53,1.25,1.25,124.8101266,14,172.6896552,Moderate
407,8/9/2024,81,51,14,1,1,4,169.2758621,51,1.25,1.25,124.8101266,14,169.2758621,Moderate
408,8/11/2024,81,53,14,1,4,4,169.2758621,53,1.25,5,124.8101266,14,169.2758621,Moderate
409,8/13/2024,83,53,14,1,1,4,176.1034483,53,1.25,1.25,124.8101266,14,176.1034483,Moderate
410,8/14/2024,79,52,14,2,1,3,162.4482759,52,2.5,1.25,112.278481,14,162.4482759,Moderate
411,8/15/2024,79,52,14,2,1,4,162.4482759,52,2.5,1.25,124.8101266,14,162.4482759,Moderate
412,8/16/2024,79,51,14,2,1,4,162.4482759,51,2.5,1.25,124.8101266,14,162.4482759,Moderate
413,8/18/2024,86,53,14,2,1,4,186.3448276,53,2.5,1.25,124.8101266,14,186.3448276,Moderate
414,8/19/2024,86,55,14,2,1,4,186.3448276,55,2.5,1.25,124.8101266,14,186.3448276,Moderate
415,8/20/2024,83,53,14,1,1,3,176.1034483,53,1.25,1.25,112.278481,14,176.1034483,Moderate
416,8/22/2024,80,53,14,2,1,4,165.862069,53,2.5,1.25,124.8101266,14,165.862069,Moderate
417,8/23/2024,81,53,14,2,1,4,169.2758621,53,2.5,1.25,124.8101266,14,169.2758621,Moderate
418,8/24/2024,80,54,14,2,1,4,165.862069,54,2.5,1.25,124.8101266,14,165.862069,Moderate
419,8/26/2024,80,53,14,2,1,5,165.862069,53,2.5,1.25,137.3417722,14,165.862069,Moderate
420,8/27/2024,80,53,14,1,1,4,165.862069,53,1.25,1.25,124.8101266,14,165.862069,Moderate
421,8/28/2024,79,53,14,2,1,4,162.4482759,53,2.5,1.25,124.8101266,14,162.4482759,Moderate
422,8/29/2024,80,54,14,2,1,4,165.862069,54,2.5,1.25,124.8101266,14,165.862069,Moderate
423,8/30/2024,81,54,14,2,1,3,169.2758621,54,2.5,1.25,112.278481,14,169.2758621,Moderate
424,8/31/2024,81,54,14,2,1,3,169.2758621,54,2.5,1.25,112.278481,14,169.2758621,Moderate
425,9/1/2024,79,51,14,1,1,4,162.4482759,51,1.25,1.25,124.8101266,14,162.4482759,Moderate
426,9/2/2024,71,48,14,1,1,3,135.137931,48,1.25,1.25,112.278481,14,135.137931,Moderate
427,9/3/2024,62,45,14,1,1,3,104.4137931,45,1.25,1.25,112.278481,14,112.278481,Moderate
428,9/4/2024,59,41,14,1,1,3,98.31034483,41,1.25,1.25,112.278481,14,112.278481,Moderate
429,9/5/2024,61,42,14,1,1,3,101,42,1.25,1.25,112.278481,14,112.278481,Moderate
430,9/6/2024,64,43,14,1,1,3,111.2413793,43,1.25,1.25,112.278481,14,112.278481,Moderate
431,9/7/2024,66,44,14,2,1,3,118.0689655,44,2.5,1.25,112.278481,14,118.0689655,Moderate
432,9/8/2024,68,41,14,1,1,4,124.8965517,41,1.25,1.25,124.8101266,14,124.8965517,Moderate
433,9/9/2024,64,38,14,1,1,4,111.2413793,38,1.25,1.25,124.8101266,14,124.8101266,Moderate
434,9/10/2024,62,40,14,1,1,4,104.4137931,40,1.25,1.25,124.8101266,14,124.8101266,Moderate
435,9/11/2024,65,42,14,2,1,4,114.6551724,42,2.5,1.25,124.8101266,14,124.8101266,Moderate
436,9/12/2024,66,42,14,1,1,4,118.0689655,42,1.25,1.25,124.8101266,14,124.8101266,Moderate
437,9/13/2024,67,43,14,1,1,3,121.4827586,43,1.25,1.25,112.278481,14,121.4827586,Moderate
438,9/14/2024,68,43,14,1,1,3,124.8965517,43,1.25,1.25,112.278481,14,124.8965517,Moderate
439,9/15/2024,67,42,14,1,1,3,121.4827586,42,1.25,1.25,112.278481,14,121.4827586,Moderate
440,9/16/2024,68,44,14,1,2,3,124.8965517,44,1.25,2.5,112.278481,14,124.8965517,Moderate
441,9/17/2024,69,48,14,1,2,4,128.3103448,48,1.25,2.5,124.8101266,14,128.3103448,Moderate
442,9/18/2024,75,49,14,1,2,4,148.7931034,49,1.25,2.5,124.8101266,14,148.7931034,Moderate
443,9/19/2024,77,51,14,1,2,3,155.6206897,51,1.25,2.5,112.278481,14,155.6206897,Moderate
444,9/20/2024,79,52,14,1,2,3,162.4482759,52,1.25,2.5,112.278481,14,162.4482759,Moderate
445,9/21/2024,84,53,14,2,1,4,179.5172414,53,2.5,1.25,124.8101266,14,179.5172414,Moderate
446,9/22/2024,84,52,14,1,2,4,179.5172414,52,1.25,2.5,124.8101266,14,179.5172414,Moderate
447,9/23/2024,78,50,14,1,2,4,159.0344828,50,1.25,2.5,124.8101266,14,159.0344828,Moderate
448,9/24/2024,71,51,14,1,2,4,135.137931,51,1.25,2.5,124.8101266,14,135.137931,Moderate
449,9/25/2024,77,53,14,1,2,3,155.6206897,53,1.25,2.5,112.278481,14,155.6206897,Moderate
450,9/26/2024,80,53,14,1,1,3,165.862069,53,1.25,1.25,112.278481,14,165.862069,Moderate
451,9/27/2024,79,53,14,2,1,4,162.4482759,53,2.5,1.25,124.8101266,14,162.4482759,Moderate
452,9/28/2024,77,51,14,2,1,3,155.6206897,51,2.5,1.25,112.278481,14,155.6206897,Moderate
453,9/29/2024,74,50,14,1,14,3,145.3793103,50,1.25,17.5,112.278481,14,145.3793103,Moderate
454,9/30/2024,75,51,14,2,1,4,148.7931034,51,2.5,1.25,124.8101266,14,148.7931034,Moderate
455,4/3/2024,138,72,12,3,3,3,314.0465116,72,3.75,3.75,112.278481,12,314.0465116,Very Poor
456,4/4/2024,135,70,11,3,4,4,311.744186,70,3.75,5,124.8101266,11,311.744186,Very Poor
457,4/7/2024,131,72,12,3,3,3,308.6744186,72,3.75,3.75,112.278481,12,308.6744186,Very Poor
458,4/8/2024,135,69,11,2,3,3,311.744186,69,2.5,3.75,112.278481,11,311.744186,Very Poor
459,4/9/2024,133,66,12,3,3,4,310.2093023,66,3.75,3.75,124.8101266,12,310.2093023,Very Poor
460,4/10/2024,137,66,12,3,2,3,313.2790698,66,3.75,2.5,112.278481,12,313.2790698,Very Poor
461,4/13/2024,133,66,12,3,1,3,310.2093023,66,3.75,1.25,112.278481,12,310.2093023,Very Poor
462,4/14/2024,135,66,11,3,1,4,311.744186,66,3.75,1.25,124.8101266,11,311.744186,Very Poor
463,4/15/2024,135,65,12,2,2,4,311.744186,65,2.5,2.5,124.8101266,12,311.744186,Very Poor
464,4/16/2024,134,66,12,3,2,3,310.9767442,66,3.75,2.5,112.278481,12,310.9767442,Very Poor
465,4/17/2024,134,66,12,3,2,3,310.9767442,66,3.75,2.5,112.278481,12,310.9767442,Very Poor
466,4/18/2024,135,66,12,3,1,3,311.744186,66,3.75,1.25,112.278481,12,311.744186,Very Poor
467,4/19/2024,134,65,11,3,3,4,310.9767442,65,3.75,3.75,124.8101266,11,310.9767442,Very Poor
468,4/20/2024,133,65,12,2,2,3,310.2093023,65,2.5,2.5,112.278481,12,310.2093023,Very Poor
469,4/21/2024,133,65,12,3,3,4,310.2093023,65,3.75,3.75,124.8101266,12,310.2093023,Very Poor
470,4/22/2024,134,65,12,3,2,3,310.9767442,65,3.75,2.5,112.278481,12,310.9767442,Very Poor
471,4/23/2024,134,65,11,3,2,3,310.9767442,65,3.75,2.5,112.278481,11,310.9767442,Very Poor
472,4/24/2024,133,66,11,3,1,3,310.2093023,66,3.75,1.25,112.278481,11,310.2093023,Very Poor
473,4/27/2024,135,66,11,3,1,3,311.744186,66,3.75,1.25,112.278481,11,311.744186,Very Poor
474,4/28/2024,134,65,12,3,1,3,310.9767442,65,3.75,1.25,112.278481,12,310.9767442,Very Poor
475,4/29/2024,134,65,12,3,3,4,310.9767442,65,3.75,3.75,124.8101266,12,310.9767442,Very Poor
476,4/30/2024,133,66,12,3,1,4,310.2093023,66,3.75,1.25,124.8101266,12,310.2093023,Very Poor
477,5/1/2024,135,65,11,3,1,3,311.744186,65,3.75,1.25,112.278481,11,311.744186,Very Poor
478,5/2/2024,133,65,11,3,1,4,310.2093023,65,3.75,1.25,124.8101266,11,310.2093023,Very Poor
479,5/3/2024,134,66,12,3,2,3,310.9767442,66,3.75,2.5,112.278481,12,310.9767442,Very Poor
480,5/4/2024,135,65,12,2,1,3,311.744186,65,2.5,1.25,112.278481,12,311.744186,Very Poor
481,5/5/2024,134,65,12,3,2,3,310.9767442,65,3.75,2.5,112.278481,12,310.9767442,Very Poor
482,5/13/2024,133,67,12,3,2,2,310.2093023,67,3.75,2.5,100,12,310.2093023,Very Poor
483,5/14/2024,137,63,10,3,2,2,313.2790698,63,3.75,2.5,100,10,313.2790698,Very Poor
484,5/15/2024,126,69,13,3,2,3,304.8372093,69,3.75,2.5,112.278481,13,304.8372093,Very Poor
485,5/16/2024,142,66,11,3,2,2,317.1162791,66,3.75,2.5,100,11,317.1162791,Very Poor
486,5/17/2024,136,66,12,2,3,2,312.5116279,66,2.5,3.75,100,12,312.5116279,Very Poor
487,5/18/2024,136,67,12,3,2,2,312.5116279,67,3.75,2.5,100,12,312.5116279,Very Poor
488,5/19/2024,137,67,12,3,2,2,313.2790698,67,3.75,2.5,100,12,313.2790698,Very Poor
489,5/20/2024,138,64,12,2,2,3,314.0465116,64,2.5,2.5,112.278481,12,314.0465116,Very Poor
490,5/21/2024,124,58,13,2,2,3,303.3023256,58,2.5,2.5,112.278481,13,303.3023256,Very Poor
491,5/22/2024,100,58,12,2,2,4,231.7241379,58,2.5,2.5,124.8101266,12,231.7241379,Poor
492,5/23/2024,100,57,12,2,1,4,231.7241379,57,2.5,1.25,124.8101266,12,231.7241379,Poor
493,5/24/2024,99,57,11,1,2,4,228.3103448,57,1.25,2.5,124.8101266,11,228.3103448,Poor
494,5/25/2024,98,58,12,2,2,3,224.8965517,58,2.5,2.5,112.278481,12,224.8965517,Poor
495,5/26/2024,99,57,11,2,2,3,228.3103448,57,2.5,2.5,112.278481,11,228.3103448,Poor
496,5/27/2024,98,58,13,2,2,4,224.8965517,58,2.5,2.5,124.8101266,13,224.8965517,Poor
497,5/28/2024,100,59,12,2,2,3,231.7241379,59,2.5,2.5,112.278481,12,231.7241379,Poor
498,5/29/2024,101,55,11,2,1,3,235.137931,55,2.5,1.25,112.278481,11,235.137931,Poor
499,5/30/2024,92,49,14,2,6,4,204.4137931,49,2.5,7.5,124.8101266,14,204.4137931,Poor
500,5/31/2024,72,53,14,2,2,4,138.5517241,53,2.5,2.5,124.8101266,14,138.5517241,Moderate
501,6/1/2024,81,53,14,2,1,6,169.2758621,53,2.5,1.25,149.8734177,14,169.2758621,Moderate
502,6/2/2024,81,54,14,2,1,5,169.2758621,54,2.5,1.25,137.3417722,14,169.2758621,Moderate
503,6/3/2024,83,53,14,2,1,5,176.1034483,53,2.5,1.25,137.3417722,14,176.1034483,Moderate
504,6/4/2024,79,49,14,1,1,3,162.4482759,49,1.25,1.25,112.278481,14,162.4482759,Moderate
505,6/5/2024,75,53,14,2,1,3,148.7931034,53,2.5,1.25,112.278481,14,148.7931034,Moderate
506,6/6/2024,78,51,14,2,2,4,159.0344828,51,2.5,2.5,124.8101266,14,159.0344828,Moderate
507,6/7/2024,73,50,14,2,1,6,141.9655172,50,2.5,1.25,149.8734177,14,149.8734177,Moderate
508,6/8/2024,70,50,14,2,1,3,131.7241379,50,2.5,1.25,112.278481,14,131.7241379,Moderate
509,6/9/2024,71,52,14,2,1,5,135.137931,52,2.5,1.25,137.3417722,14,137.3417722,Moderate
510,6/10/2024,73,52,14,2,1,4,141.9655172,52,2.5,1.25,124.8101266,14,141.9655172,Moderate
511,6/11/2024,75,53,14,2,1,5,148.7931034,53,2.5,1.25,137.3417722,14,148.7931034,Moderate
512,6/12/2024,74,51,14,2,1,8,145.3793103,51,2.5,1.25,174.9367089,14,174.9367089,Moderate
513,6/13/2024,70,52,14,2,1,5,131.7241379,52,2.5,1.25,137.3417722,14,137.3417722,Moderate
514,6/14/2024,71,53,14,2,1,4,135.137931,53,2.5,1.25,124.8101266,14,135.137931,Moderate
515,6/15/2024,74,53,14,2,1,4,145.3793103,53,2.5,1.25,124.8101266,14,145.3793103,Moderate
516,6/17/2024,73,54,14,2,1,6,141.9655172,54,2.5,1.25,149.8734177,14,149.8734177,Moderate
517,6/18/2024,74,51,14,2,2,4,145.3793103,51,2.5,2.5,124.8101266,14,145.3793103,Moderate
518,6/19/2024,67,51,14,2,1,6,121.4827586,51,2.5,1.25,149.8734177,14,149.8734177,Moderate
519,6/20/2024,66,50,14,1,1,5,118.0689655,50,1.25,1.25,137.3417722,14,137.3417722,Moderate
520,6/21/2024,67,50,14,2,1,4,121.4827586,50,2.5,1.25,124.8101266,14,124.8101266,Moderate
521,6/22/2024,67,50,14,2,1,4,121.4827586,50,2.5,1.25,124.8101266,14,124.8101266,Moderate
522,6/23/2024,66,50,14,2,1,5,118.0689655,50,2.5,1.25,137.3417722,14,137.3417722,Moderate
523,6/24/2024,67,51,14,1,1,5,121.4827586,51,1.25,1.25,137.3417722,14,137.3417722,Moderate
524,6/25/2024,68,49,14,2,1,4,124.8965517,49,2.5,1.25,124.8101266,14,124.8965517,Moderate
525,6/26/2024,64,50,14,2,1,5,111.2413793,50,2.5,1.25,137.3417722,14,137.3417722,Moderate
526,6/27/2024,64,51,14,2,1,5,111.2413793,51,2.5,1.25,137.3417722,14,137.3417722,Moderate
527,6/28/2024,68,48,14,2,1,5,124.8965517,48,2.5,1.25,137.3417722,14,137.3417722,Moderate
528,6/29/2024,64,45,14,2,1,4,111.2413793,45,2.5,1.25,124.8101266,14,124.8101266,Moderate
529,6/30/2024,59,44,14,2,1,4,98.31034483,44,2.5,1.25,124.8101266,14,124.8101266,Moderate
530,1/1/2024,108,57,11,3,3,3,259.0344828,57,3.75,3.75,112.278481,11,259.0344828,Poor
531,1/2/2024,107,57,11,2,3,4,255.6206897,57,2.5,3.75,124.8101266,11,255.6206897,Poor
532,1/3/2024,106,56,11,2,3,3,252.2068966,56,2.5,3.75,112.278481,11,252.2068966,Poor
533,1/4/2024,110,58,12,2,3,4,265.862069,58,2.5,3.75,124.8101266,12,265.862069,Poor
534,1/5/2024,112,64,13,2,3,4,272.6896552,64,2.5,3.75,124.8101266,13,272.6896552,Poor
535,1/6/2024,121,64,12,3,3,4,301,64,3.75,3.75,124.8101266,12,301,Very Poor
536,1/7/2024,122,52,10,2,3,4,301.7674419,52,2.5,3.75,124.8101266,10,301.7674419,Very Poor
537,1/8/2024,97,52,11,2,2,3,221.4827586,52,2.5,2.5,112.278481,11,221.4827586,Poor
538,1/9/2024,93,55,12,2,3,5,207.8275862,55,2.5,3.75,137.3417722,12,207.8275862,Poor
539,1/10/2024,100,54,9,2,4,6,231.7241379,54,2.5,5,149.8734177,9,231.7241379,Poor
540,1/11/2024,95,47,11,2,2,4,214.6551724,47,2.5,2.5,124.8101266,11,214.6551724,Poor
541,1/12/2024,88,59,12,2,3,4,193.1724138,59,2.5,3.75,124.8101266,12,193.1724138,Moderate
542,1/13/2024,108,62,12,3,3,3,259.0344828,62,3.75,3.75,112.278481,12,259.0344828,Poor
543,1/14/2024,114,61,12,2,3,3,279.5172414,61,2.5,3.75,112.278481,12,279.5172414,Poor
544,1/15/2024,111,61,12,3,3,4,269.2758621,61,3.75,3.75,124.8101266,12,269.2758621,Poor
545,1/16/2024,113,61,12,3,3,3,276.1034483,61,3.75,3.75,112.278481,12,276.1034483,Poor
546,1/17/2024,111,60,12,3,3,3,269.2758621,60,3.75,3.75,112.278481,12,269.2758621,Poor
547,1/18/2024,110,61,11,3,3,4,265.862069,61,3.75,3.75,124.8101266,11,265.862069,Poor
548,1/19/2024,111,61,12,3,3,4,269.2758621,61,3.75,3.75,124.8101266,12,269.2758621,Poor
549,1/20/2024,111,61,12,2,3,3,269.2758621,61,2.5,3.75,112.278481,12,269.2758621,Poor
550,1/21/2024,112,61,12,3,2,3,272.6896552,61,3.75,2.5,112.278481,12,272.6896552,Poor
551,1/22/2024,113,62,11,3,3,3,276.1034483,62,3.75,3.75,112.278481,11,276.1034483,Poor
552,1/23/2024,116,63,12,2,2,3,286.3448276,63,2.5,2.5,112.278481,12,286.3448276,Poor
553,1/24/2024,122,61,12,2,2,3,301.7674419,61,2.5,2.5,112.278481,12,301.7674419,Very Poor
554,1/25/2024,119,63,11,2,3,3,296.5862069,63,2.5,3.75,112.278481,11,296.5862069,Poor
555,1/26/2024,128,63,12,3,2,3,306.372093,63,3.75,2.5,112.278481,12,306.372093,Very Poor
556,1/27/2024,128,63,12,3,3,3,306.372093,63,3.75,3.75,112.278481,12,306.372093,Very Poor
557,1/28/2024,128,62,11,3,2,4,306.372093,62,3.75,2.5,124.8101266,11,306.372093,Very Poor
558,1/29/2024,126,59,12,2,2,3,304.8372093,59,2.5,2.5,112.278481,12,304.8372093,Very Poor
559,1/30/2024,122,63,11,3,2,5,301.7674419,63,3.75,2.5,137.3417722,11,301.7674419,Very Poor
560,1/31/2024,130,62,12,3,2,3,307.9069767,62,3.75,2.5,112.278481,12,307.9069767,Very Poor
561,2/1/2024,128,61,11,3,2,3,306.372093,61,3.75,2.5,112.278481,11,306.372093,Very Poor
562,2/2/2024,126,61,11,3,3,7,304.8372093,61,3.75,3.75,162.4050633,11,304.8372093,Very Poor
563,2/3/2024,125,60,11,2,2,3,304.0697674,60,2.5,2.5,112.278481,11,304.0697674,Very Poor
564,2/4/2024,122,63,11,3,2,4,301.7674419,63,3.75,2.5,124.8101266,11,301.7674419,Very Poor
565,2/5/2024,127,65,12,3,2,3,305.6046512,65,3.75,2.5,112.278481,12,305.6046512,Very Poor
566,2/6/2024,132,64,12,3,2,6,309.4418605,64,3.75,2.5,149.8734177,12,309.4418605,Very Poor
567,2/7/2024,131,64,12,2,3,5,308.6744186,64,2.5,3.75,137.3417722,12,308.6744186,Very Poor
568,2/8/2024,129,65,11,3,2,3,307.1395349,65,3.75,2.5,112.278481,11,307.1395349,Very Poor
569,2/9/2024,131,64,11,3,3,4,308.6744186,64,3.75,3.75,124.8101266,11,308.6744186,Very Poor
570,2/10/2024,130,64,11,3,2,3,307.9069767,64,3.75,2.5,112.278481,11,307.9069767,Very Poor
571,2/11/2024,129,64,11,3,3,4,307.1395349,64,3.75,3.75,124.8101266,11,307.1395349,Very Poor
572,2/12/2024,130,66,13,3,4,4,307.9069767,66,3.75,5,124.8101266,13,307.9069767,Very Poor
573,2/13/2024,135,63,11,2,2,4,311.744186,63,2.5,2.5,124.8101266,11,311.744186,Very Poor
574,2/14/2024,127,63,11,2,3,4,305.6046512,63,2.5,3.75,124.8101266,11,305.6046512,Very Poor
575,2/15/2024,127,62,11,2,3,3,305.6046512,62,2.5,3.75,112.278481,11,305.6046512,Very Poor
576,2/16/2024,123,64,12,3,2,3,302.5348837,64,3.75,2.5,112.278481,12,302.5348837,Very Poor
577,2/17/2024,127,66,12,3,4,5,305.6046512,66,3.75,5,137.3417722,12,305.6046512,Very Poor
578,2/18/2024,133,65,11,3,3,3,310.2093023,65,3.75,3.75,112.278481,11,310.2093023,Very Poor
579,2/19/2024,130,64,12,3,2,3,307.9069767,64,3.75,2.5,112.278481,12,307.9069767,Very Poor
580,2/20/2024,129,64,11,3,2,3,307.1395349,64,3.75,2.5,112.278481,11,307.1395349,Very Poor
581,2/21/2024,129,64,12,3,3,4,307.1395349,64,3.75,3.75,124.8101266,12,307.1395349,Very Poor
582,2/22/2024,129,64,12,3,3,3,307.1395349,64,3.75,3.75,112.278481,12,307.1395349,Very Poor
583,2/23/2024,129,63,11,3,2,4,307.1395349,63,3.75,2.5,124.8101266,11,307.1395349,Very Poor
584,2/24/2024,126,63,12,2,3,3,304.8372093,63,2.5,3.75,112.278481,12,304.8372093,Very Poor
585,2/25/2024,126,63,11,3,2,4,304.8372093,63,3.75,2.5,124.8101266,11,304.8372093,Very Poor
586,2/26/2024,124,64,12,2,3,3,303.3023256,64,2.5,3.75,112.278481,12,303.3023256,Very Poor
587,2/27/2024,128,63,11,3,1,3,306.372093,63,3.75,1.25,112.278481,11,306.372093,Very Poor
588,2/28/2024,127,63,11,2,2,4,305.6046512,63,2.5,2.5,124.8101266,11,305.6046512,Very Poor
589,2/29/2024,126,65,12,3,2,6,304.8372093,65,3.75,2.5,149.8734177,12,304.8372093,Very Poor
590,3/1/2024,130,64,11,3,3,3,307.9069767,64,3.75,3.75,112.278481,11,307.9069767,Very Poor
591,3/2/2024,129,64,11,3,3,3,307.1395349,64,3.75,3.75,112.278481,11,307.1395349,Very Poor
592,3/3/2024,130,64,12,3,2,3,307.9069767,64,3.75,2.5,112.278481,12,307.9069767,Very Poor
593,3/4/2024,128,65,11,2,3,3,306.372093,65,2.5,3.75,112.278481,11,306.372093,Very Poor
594,3/5/2024,129,66,12,3,3,4,307.1395349,66,3.75,3.75,124.8101266,12,307.1395349,Very Poor
595,3/6/2024,126,67,12,3,2,4,304.8372093,67,3.75,2.5,124.8101266,12,304.8372093,Very Poor
596,3/7/2024,128,66,12,3,1,3,306.372093,66,3.75,1.25,112.278481,12,306.372093,Very Poor
597,3/8/2024,125,66,12,3,3,3,304.0697674,66,3.75,3.75,112.278481,12,304.0697674,Very Poor
598,3/9/2024,125,67,13,3,4,3,304.0697674,67,3.75,5,112.278481,13,304.0697674,Very Poor
599,3/10/2024,130,65,11,3,3,3,307.9069767,65,3.75,3.75,112.278481,11,307.9069767,Very Poor
600,3/11/2024,123,64,11,3,3,4,302.5348837,64,3.75,3.75,124.8101266,11,302.5348837,Very Poor
601,3/12/2024,121,67,12,3,3,4,301,67,3.75,3.75,124.8101266,12,301,Very Poor
602,3/13/2024,128,66,12,3,3,4,306.372093,66,3.75,3.75,124.8101266,12,306.372093,Very Poor
603,3/16/2024,135,72,11,3,2,3,311.744186,72,3.75,2.5,112.278481,11,311.744186,Very Poor
604,3/17/2024,135,71,12,2,2,3,311.744186,71,2.5,2.5,112.278481,12,311.744186,Very Poor
605,3/18/2024,133,71,12,3,2,4,310.2093023,71,3.75,2.5,124.8101266,12,310.2093023,Very Poor
606,3/19/2024,133,72,12,3,3,3,310.2093023,72,3.75,3.75,112.278481,12,310.2093023,Very Poor
607,3/20/2024,135,72,12,2,2,4,311.744186,72,2.5,2.5,124.8101266,12,311.744186,Very Poor
608,3/21/2024,135,72,12,3,2,3,311.744186,72,3.75,2.5,112.278481,12,311.744186,Very Poor
609,3/22/2024,135,71,12,2,3,3,311.744186,71,2.5,3.75,112.278481,12,311.744186,Very Poor
610,3/23/2024,133,72,12,3,3,3,310.2093023,72,3.75,3.75,112.278481,12,310.2093023,Very Poor
611,3/24/2024,135,70,11,3,2,3,311.744186,70,3.75,2.5,112.278481,11,311.744186,Very Poor
612,3/25/2024,131,72,12,3,2,3,308.6744186,72,3.75,2.5,112.278481,12,308.6744186,Very Poor
613,3/26/2024,136,71,11,3,2,4,312.5116279,71,3.75,2.5,124.8101266,11,312.5116279,Very Poor
614,3/27/2024,131,72,11,3,3,3,308.6744186,72,3.75,3.75,112.278481,11,308.6744186,Very Poor
615,3/28/2024,135,72,12,3,3,3,311.744186,72,3.75,3.75,112.278481,12,311.744186,Very Poor
616,3/29/2024,133,72,12,3,2,3,310.2093023,72,3.75,2.5,112.278481,12,310.2093023,Very Poor
617,3/30/2024,135,72,13,2,1,3,311.744186,72,2.5,1.25,112.278481,13,311.744186,Very Poor
618,3/31/2024,136,70,11,2,2,3,312.5116279,70,2.5,2.5,112.278481,11,312.5116279,Very Poor
619,10/1/2023,87,36,10,4,1,6,189.7586207,36,5,1.25,149.8734177,10,189.7586207,Moderate
620,10/2/2023,63,38,10,4,1,6,107.8275862,38,5,1.25,149.8734177,10,149.8734177,Moderate
621,10/3/2023,68,36,10,4,1,6,124.8965517,36,5,1.25,149.8734177,10,149.8734177,Moderate
622,10/4/2023,62,41,10,4,1,6,104.4137931,41,5,1.25,149.8734177,10,149.8734177,Moderate
623,10/5/2023,73,44,10,4,1,6,141.9655172,44,5,1.25,149.8734177,10,149.8734177,Moderate
624,10/6/2023,82,51,10,4,1,6,172.6896552,51,5,1.25,149.8734177,10,172.6896552,Moderate
625,10/7/2023,103,50,10,4,1,6,241.9655172,50,5,1.25,149.8734177,10,241.9655172,Poor
626,10/8/2023,98,51,10,4,1,6,224.8965517,51,5,1.25,149.8734177,10,224.8965517,Poor
627,10/9/2023,101,49,10,4,1,6,235.137931,49,5,1.25,149.8734177,10,235.137931,Poor
628,10/10/2023,93,44,10,4,1,6,207.8275862,44,5,1.25,149.8734177,10,207.8275862,Poor
629,10/11/2023,84,50,10,4,1,6,179.5172414,50,5,1.25,149.8734177,10,179.5172414,Moderate
630,10/12/2023,100,46,10,4,1,6,231.7241379,46,5,1.25,149.8734177,10,231.7241379,Poor
631,10/13/2023,88,44,10,4,1,6,193.1724138,44,5,1.25,149.8734177,10,193.1724138,Moderate
632,10/14/2023,81,39,10,4,1,6,169.2758621,39,5,1.25,149.8734177,10,169.2758621,Moderate
633,10/15/2023,71,42,10,4,1,6,135.137931,42,5,1.25,149.8734177,10,149.8734177,Moderate
634,10/16/2023,77,42,10,4,1,6,155.6206897,42,5,1.25,149.8734177,10,155.6206897,Moderate
635,10/17/2023,77,45,10,4,1,6,155.6206897,45,5,1.25,149.8734177,10,155.6206897,Moderate
636,10/18/2023,86,55,10,4,1,6,186.3448276,55,5,1.25,149.8734177,10,186.3448276,Moderate
637,10/19/2023,118,52,10,4,1,6,293.1724138,52,5,1.25,149.8734177,10,293.1724138,Poor
638,10/20/2023,107,56,10,4,1,6,255.6206897,56,5,1.25,149.8734177,10,255.6206897,Poor
639,10/21/2023,123,58,10,4,1,6,302.5348837,58,5,1.25,149.8734177,10,302.5348837,Very Poor
640,10/22/2023,133,51,10,4,1,6,310.2093023,51,5,1.25,149.8734177,10,310.2093023,Very Poor
641,10/23/2023,105,51,10,4,1,6,248.7931034,51,5,1.25,149.8734177,10,248.7931034,Poor
642,10/24/2023,101,54,10,4,1,6,235.137931,54,5,1.25,149.8734177,10,235.137931,Poor
643,10/25/2023,114,48,10,4,1,6,279.5172414,48,5,1.25,149.8734177,10,279.5172414,Poor
644,10/26/2023,91,57,10,4,1,6,201,57,5,1.25,149.8734177,10,201,Poor
645,10/27/2023,127,58,10,4,1,6,305.6046512,58,5,1.25,149.8734177,10,305.6046512,Very Poor
646,10/28/2023,133,58,10,4,1,6,310.2093023,58,5,1.25,149.8734177,10,310.2093023,Very Poor
647,10/29/2023,131,69,10,4,1,6,308.6744186,69,5,1.25,149.8734177,10,308.6744186,Very Poor
648,11/7/2023,81,50,13,4,1,6,169.2758621,50,5,1.25,149.8734177,13,169.2758621,Moderate
649,12/7/2023,75,51,13,3,2,4,148.7931034,51,3.75,2.5,124.8101266,13,148.7931034,Moderate
650,12/8/2023,78,50,13,2,3,5,159.0344828,50,2.5,3.75,137.3417722,13,159.0344828,Moderate
651,12/9/2023,74,50,13,3,3,4,145.3793103,50,3.75,3.75,124.8101266,13,145.3793103,Moderate
652,12/10/2023,74,50,14,3,4,5,145.3793103,50,3.75,5,137.3417722,14,145.3793103,Moderate
653,12/11/2023,74,50,13,3,3,4,145.3793103,50,3.75,3.75,124.8101266,13,145.3793103,Moderate
654,12/14/2023,73,50,13,2,3,4,141.9655172,50,2.5,3.75,124.8101266,13,141.9655172,Moderate
655,12/15/2023,74,49,13,2,3,4,145.3793103,49,2.5,3.75,124.8101266,13,145.3793103,Moderate
656,12/16/2023,73,46,13,2,6,3,141.9655172,46,2.5,7.5,112.278481,13,141.9655172,Moderate
657,12/17/2023,71,49,13,3,3,4,135.137931,49,3.75,3.75,124.8101266,13,135.137931,Moderate
658,12/18/2023,73,33,11,3,3,4,141.9655172,33,3.75,3.75,124.8101266,11,141.9655172,Moderate
659,12/19/2023,64,33,11,3,3,5,111.2413793,33,3.75,3.75,137.3417722,11,137.3417722,Moderate
660,12/20/2023,65,50,12,2,2,4,114.6551724,50,2.5,2.5,124.8101266,12,124.8101266,Moderate
661,12/21/2023,92,49,11,2,2,4,204.4137931,49,2.5,2.5,124.8101266,11,204.4137931,Poor
662,12/22/2023,91,52,11,2,2,4,201,52,2.5,2.5,124.8101266,11,201,Poor
663,12/23/2023,98,56,11,3,3,3,224.8965517,56,3.75,3.75,112.278481,11,224.8965517,Poor
664,12/24/2023,104,56,11,3,3,3,245.3793103,56,3.75,3.75,112.278481,11,245.3793103,Poor
665,12/25/2023,104,57,12,3,3,4,245.3793103,57,3.75,3.75,124.8101266,12,245.3793103,Poor
666,12/26/2023,105,54,11,2,3,3,248.7931034,54,2.5,3.75,112.278481,11,248.7931034,Poor
667,12/27/2023,99,52,11,2,2,3,228.3103448,52,2.5,2.5,112.278481,11,228.3103448,Poor
668,12/28/2023,96,44,11,1,2,2,218.0689655,44,1.25,2.5,100,11,218.0689655,Poor
669,12/29/2023,84,57,12,2,3,4,179.5172414,57,2.5,3.75,124.8101266,12,179.5172414,Moderate
670,12/30/2023,105,59,11,3,2,4,248.7931034,59,3.75,2.5,124.8101266,11,248.7931034,Poor
671,12/31/2023,111,58,11,3,3,4,269.2758621,58,3.75,3.75,124.8101266,11,269.2758621,Poor
672,7/27/2023,47,34,10,3,1,6,78.03448276,34,3.75,1.25,149.8734177,10,149.8734177,Moderate
673,7/28/2023,37,32,10,3,2,6,61.13793103,32,3.75,2.5,149.8734177,10,149.8734177,Moderate
674,7/29/2023,53,33,10,3,1,6,88.17241379,33,3.75,1.25,149.8734177,10,149.8734177,Moderate
675,8/17/2023,79,39,10,4,1,6,162.4482759,39,5,1.25,149.8734177,10,162.4482759,Moderate
676,8/29/2023,32,27,10,4,1,6,52.68965517,27,5,1.25,149.8734177,10,149.8734177,Moderate
677,9/15/2023,68,36,10,4,1,6,124.8965517,36,5,1.25,149.8734177,10,149.8734177,Moderate
678,9/16/2023,63,34,10,4,1,6,107.8275862,34,5,1.25,149.8734177,10,149.8734177,Moderate
679,9/21/2023,82,38,10,4,1,6,172.6896552,38,5,1.25,149.8734177,10,172.6896552,Moderate
680,9/25/2023,73,42,10,4,1,6,141.9655172,42,5,1.25,149.8734177,10,149.8734177,Moderate
681,1/5/2023,140,65,9,7,1,1,315.5813953,65,8.75,1.25,50,9,315.5813953,Very Poor
682,2/18/2023,100,61,10,8,2,1,231.7241379,61,10,2.5,50,10,231.7241379,Poor
683,10/13/2022,73,28,10,9,2,3,141.9655172,28,11.25,2.5,112.278481,10,141.9655172,Moderate
684,11/17/2022,50,41,10,9,2,2,83.10344828,41,11.25,2.5,100,10,100,Satisfactory
685,12/13/2022,101,46,10,7,1,2,235.137931,46,8.75,1.25,100,10,235.137931,Poor
686,12/24/2022,146,62,10,8,2,1,320.1860465,62,10,2.5,50,10,320.1860465,Very Poor
687,7/18/2022,142,40,10,6,2,1,317.1162791,40,7.5,2.5,50,10,317.1162791,Very Poor
688,7/28/2022,142,29,10,7,2,2,317.1162791,29,8.75,2.5,100,10,317.1162791,Very Poor
689,7/29/2022,142,29,10,7,2,1,317.1162791,29,8.75,2.5,50,10,317.1162791,Very Poor
690,8/8/2022,147,51,10,7,1,1,320.9534884,51,8.75,1.25,50,10,320.9534884,Very Poor
691,8/11/2022,90,39,10,8,1,1,200,39,10,1.25,50,10,200,Moderate
692,8/15/2022,89,37,10,8,2,1,196.5862069,37,10,2.5,50,10,196.5862069,Moderate
693,8/23/2022,89,25,10,9,1,1,196.5862069,25,11.25,1.25,50,10,196.5862069,Moderate
694,8/28/2022,50,29,10,9,1,2,83.10344828,29,11.25,1.25,100,10,100,Satisfactory
695,9/15/2022,17,12,10,9,1,1,28.33333333,12,11.25,1.25,50,10,50,Good
696,4/2/2022,93,45,10,7,2,4,207.8275862,45,8.75,2.5,124.8101266,10,207.8275862,Poor
697,4/7/2022,67,52,10,8,2,2,121.4827586,52,10,2.5,100,10,121.4827586,Moderate
698,4/8/2022,73,34,10,8,1,2,141.9655172,34,10,1.25,100,10,141.9655172,Moderate
699,4/12/2022,30,30,10,6,7,2,50,30,7.5,8.75,100,10,100,Satisfactory
700,4/13/2022,10,26,10,5,2,2,16.66666667,26,6.25,2.5,100,10,100,Satisfactory
701,4/15/2022,16,25,10,5,13,2,26.66666667,25,6.25,16.25,100,10,100,Satisfactory
702,4/18/2022,14,37,10,8,8,2,23.33333333,37,10,10,100,10,100,Satisfactory
703,4/19/2022,33,46,10,8,1,2,54.37931034,46,10,1.25,100,10,100,Satisfactory
704,4/30/2022,69,42,10,7,1,1,128.3103448,42,8.75,1.25,50,10,128.3103448,Moderate
705,5/5/2022,70,28,10,8,2,2,131.7241379,28,10,2.5,100,10,131.7241379,Moderate
706,5/8/2022,70,36,10,7,1,3,131.7241379,36,8.75,1.25,112.278481,10,131.7241379,Moderate
707,5/11/2022,70,46,10,7,2,1,131.7241379,46,8.75,2.5,50,10,131.7241379,Moderate
708,5/12/2022,71,44,10,7,1,1,135.137931,44,8.75,1.25,50,10,135.137931,Moderate
709,6/16/2022,142,52,10,5,2,1,317.1162791,52,6.25,2.5,50,10,317.1162791,Very Poor
710,6/21/2022,142,54,10,8,1,2,317.1162791,54,10,1.25,100,10,317.1162791,Very Poor
711,1/5/2022,108,73,10,7,2,2,259.0344828,73,8.75,2.5,100,10,259.0344828,Poor
712,1/7/2022,117,60,10,6,1,2,289.7586207,60,7.5,1.25,100,10,289.7586207,Poor
713,1/8/2022,99,55,10,5,1,1,228.3103448,55,6.25,1.25,50,10,228.3103448,Poor
714,1/14/2022,60,66,10,9,1,2,100,66,11.25,1.25,100,10,100,Satisfactory
715,1/15/2022,56,44,9,5,1,1,93.24137931,44,6.25,1.25,50,9,93.24137931,Satisfactory
716,1/19/2022,57,63,10,7,5,2,94.93103448,63,8.75,6.25,100,10,100,Satisfactory
717,1/22/2022,118,60,10,5,1,2,293.1724138,60,6.25,1.25,100,10,293.1724138,Poor
718,1/24/2022,96,102,10,8,2,2,218.0689655,101.6644295,10,2.5,100,10,218.0689655,Poor
719,1/26/2022,118,63,10,7,1,2,293.1724138,63,8.75,1.25,100,10,293.1724138,Poor
720,1/28/2022,94,60,10,8,1,2,211.2413793,60,10,1.25,100,10,211.2413793,Poor
721,1/29/2022,106,62,10,5,1,2,252.2068966,62,6.25,1.25,100,10,252.2068966,Poor
722,1/31/2022,131,77,10,5,1,2,308.6744186,77,6.25,1.25,100,10,308.6744186,Very Poor
723,2/1/2022,147,68,10,6,1,2,320.9534884,68,7.5,1.25,100,10,320.9534884,Very Poor
724,2/2/2022,144,65,10,6,1,2,318.6511628,65,7.5,1.25,100,10,318.6511628,Very Poor
725,2/8/2022,135,72,10,7,3,2,311.744186,72,8.75,3.75,100,10,311.744186,Very Poor
726,2/9/2022,126,68,10,8,1,2,304.8372093,68,10,1.25,100,10,304.8372093,Very Poor
727,2/13/2022,78,66,10,8,1,2,159.0344828,66,10,1.25,100,10,159.0344828,Moderate
728,2/14/2022,141,75,10,8,1,2,316.3488372,75,10,1.25,100,10,316.3488372,Very Poor
729,2/22/2022,143,61,10,8,1,2,317.8837209,61,10,1.25,100,10,317.8837209,Very Poor
730,3/7/2022,117,137,10,7,3,3,289.7586207,124.9194631,8.75,3.75,112.278481,10,289.7586207,Poor
731,3/9/2022,109,60,10,8,1,2,262.4482759,60,10,1.25,100,10,262.4482759,Poor
732,3/10/2022,127,68,10,8,1,2,305.6046512,68,10,1.25,100,10,305.6046512,Very Poor
733,3/12/2022,137,61,10,6,1,2,313.2790698,61,7.5,1.25,100,10,313.2790698,Very Poor
734,3/18/2022,133,57,10,8,1,3,310.2093023,57,10,1.25,112.278481,10,310.2093023,Very Poor
735,3/19/2022,117,60,10,8,1,2,289.7586207,60,10,1.25,100,10,289.7586207,Poor
736,3/24/2022,108,57,10,7,1,2,259.0344828,57,8.75,1.25,100,10,259.0344828,Poor
737,3/27/2022,90,46,10,4,1,3,200,46,5,1.25,112.278481,10,200,Moderate
738,10/2/2021,41,41,16,5,1,2,67.89655172,41,6.25,1.25,100,16,100,Satisfactory
739,10/4/2021,50,35,16,5,1,2,83.10344828,35,6.25,1.25,100,16,100,Satisfactory
740,10/6/2021,54,29,16,3,1,1,89.86206897,29,3.75,1.25,50,16,89.86206897,Satisfactory
741,10/9/2021,54,37,16,5,1,2,89.86206897,37,6.25,1.25,100,16,100,Satisfactory
742,10/12/2021,56,41,16,5,1,3,93.24137931,41,6.25,1.25,112.278481,16,112.278481,Moderate
743,10/13/2021,58,39,16,5,1,2,96.62068966,39,6.25,1.25,100,16,100,Satisfactory
744,10/14/2021,58,40,16,4,1,2,96.62068966,40,5,1.25,100,16,100,Satisfactory
745,10/16/2021,68,50,16,6,1,2,124.8965517,50,7.5,1.25,100,16,124.8965517,Moderate
746,10/20/2021,85,46,16,5,1,2,182.9310345,46,6.25,1.25,100,16,182.9310345,Moderate
747,10/21/2021,73,38,16,4,1,2,141.9655172,38,5,1.25,100,16,141.9655172,Moderate
748,11/1/2021,69,38,10,5,1,2,128.3103448,38,6.25,1.25,100,10,128.3103448,Moderate
749,11/7/2021,71,42,10,5,1,3,135.137931,42,6.25,1.25,112.278481,10,135.137931,Moderate
750,11/10/2021,85,58,10,7,1,3,182.9310345,58,8.75,1.25,112.278481,10,182.9310345,Moderate
751,11/11/2021,87,44,10,7,1,4,189.7586207,44,8.75,1.25,124.8101266,10,189.7586207,Moderate
752,11/13/2021,60,41,10,6,1,3,100,41,7.5,1.25,112.278481,10,112.278481,Moderate
753,11/14/2021,62,53,10,8,1,5,104.4137931,53,10,1.25,137.3417722,10,137.3417722,Moderate
754,11/16/2021,88,63,10,7,1,4,193.1724138,63,8.75,1.25,124.8101266,10,193.1724138,Moderate
755,11/17/2021,94,55,10,7,1,3,211.2413793,55,8.75,1.25,112.278481,10,211.2413793,Poor
756,11/20/2021,69,48,10,5,1,2,128.3103448,48,6.25,1.25,100,10,128.3103448,Moderate
757,11/25/2021,92,46,10,6,1,4,204.4137931,46,7.5,1.25,124.8101266,10,204.4137931,Poor
758,11/26/2021,72,50,10,5,1,2,138.5517241,50,6.25,1.25,100,10,138.5517241,Moderate
759,11/30/2021,56,42,10,6,1,2,93.24137931,42,7.5,1.25,100,10,100,Satisfactory
760,12/6/2021,66,45,10,7,1,3,118.0689655,45,8.75,1.25,112.278481,10,118.0689655,Moderate
761,12/7/2021,77,54,10,5,1,3,155.6206897,54,6.25,1.25,112.278481,10,155.6206897,Moderate
762,12/8/2021,93,58,10,5,1,3,207.8275862,58,6.25,1.25,112.278481,10,207.8275862,Poor
763,12/10/2021,81,50,10,6,1,3,169.2758621,50,7.5,1.25,112.278481,10,169.2758621,Moderate
764,12/12/2021,86,47,10,5,3,2,186.3448276,47,6.25,3.75,100,10,186.3448276,Moderate
765,12/16/2021,132,65,10,6,1,2,309.4418605,65,7.5,1.25,100,10,309.4418605,Very Poor
766,12/17/2021,121,74,10,7,1,3,301,74,8.75,1.25,112.278481,10,301,Very Poor
767,12/22/2021,137,89,10,8,1,3,313.2790698,89,10,1.25,112.278481,10,313.2790698,Very Poor
768,12/23/2021,145,82,10,6,1,2,319.4186047,82,7.5,1.25,100,10,319.4186047,Very Poor
769,12/24/2021,130,74,10,6,1,2,307.9069767,74,7.5,1.25,100,10,307.9069767,Very Poor
770,12/25/2021,119,68,10,5,1,2,296.5862069,68,6.25,1.25,100,10,296.5862069,Poor
771,12/26/2021,114,78,10,7,26,3,279.5172414,78,8.75,32.5,112.278481,10,279.5172414,Poor
772,12/28/2021,135,76,10,9,1,2,311.744186,76,11.25,1.25,100,10,311.744186,Very Poor
773,12/29/2021,125,64,10,7,1,2,304.0697674,64,8.75,1.25,100,10,304.0697674,Very Poor
774,12/31/2021,89,39,10,6,1,2,196.5862069,39,7.5,1.25,100,10,196.5862069,Moderate
775,7/2/2021,62,41,16,4,2,8,104.4137931,41,5,2.5,174.9367089,16,174.9367089,Moderate
776,7/3/2021,68,34,16,3,1,8,124.8965517,34,3.75,1.25,174.9367089,16,174.9367089,Moderate
777,7/4/2021,60,42,16,5,1,8,100,42,6.25,1.25,174.9367089,16,174.9367089,Moderate
778,7/7/2021,73,43,22,5,1,12,141.9655172,43,6.25,1.25,228.2608696,22,228.2608696,Poor
779,7/10/2021,51,33,22,3,1,13,84.79310345,33,3.75,1.25,242.6086957,22,242.6086957,Poor
780,7/16/2021,67,42,12,4,2,17,121.4827586,42,5,2.5,300,12,300,Poor
781,7/17/2021,62,28,12,3,1,17,104.4137931,28,3.75,1.25,300,12,300,Poor
782,7/20/2021,64,42,12,5,1,17,111.2413793,42,6.25,1.25,300,12,300,Poor
783,7/21/2021,64,44,12,6,1,17,111.2413793,44,7.5,1.25,300,12,300,Poor
784,7/24/2021,58,27,12,3,2,17,96.62068966,27,3.75,2.5,300,12,300,Poor
785,7/26/2021,61,28,16,5,1,2,101,28,6.25,1.25,100,16,101,Moderate
786,7/28/2021,64,39,16,5,1,2,111.2413793,39,6.25,1.25,100,16,111.2413793,Moderate
787,7/29/2021,64,40,16,5,1,3,111.2413793,40,6.25,1.25,112.278481,16,112.278481,Moderate
788,7/31/2021,56,37,16,3,1,2,93.24137931,37,3.75,1.25,100,16,100,Satisfactory
789,8/1/2021,63,43,16,5,1,4,107.8275862,43,6.25,1.25,124.8101266,16,124.8101266,Moderate
790,8/2/2021,63,38,16,5,1,2,107.8275862,38,6.25,1.25,100,16,107.8275862,Moderate
791,8/4/2021,60,27,15,5,1,3,100,27,6.25,1.25,112.278481,15,112.278481,Moderate
792,8/9/2021,51,37,12,6,1,4,84.79310345,37,7.5,1.25,124.8101266,12,124.8101266,Moderate
793,8/10/2021,67,45,12,5,1,3,121.4827586,45,6.25,1.25,112.278481,12,121.4827586,Moderate
794,8/13/2021,51,47,12,5,1,3,84.79310345,47,6.25,1.25,112.278481,12,112.278481,Moderate
795,8/14/2021,49,48,12,4,2,3,81.4137931,48,5,2.5,112.278481,12,112.278481,Moderate
796,8/16/2021,49,50,12,6,1,2,81.4137931,50,7.5,1.25,100,12,100,Satisfactory
797,8/18/2021,66,41,16,6,1,2,118.0689655,41,7.5,1.25,100,16,118.0689655,Moderate
798,8/19/2021,58,47,16,6,1,2,96.62068966,47,7.5,1.25,100,16,100,Satisfactory
799,8/24/2021,61,44,16,5,1,2,101,44,6.25,1.25,100,16,101,Moderate
800,8/25/2021,61,31,16,5,1,2,101,31,6.25,1.25,100,16,101,Moderate
801,8/27/2021,54,32,16,5,1,4,89.86206897,32,6.25,1.25,124.8101266,16,124.8101266,Moderate
802,8/28/2021,55,24,16,4,1,2,91.55172414,24,5,1.25,100,16,100,Satisfactory
803,8/30/2021,58,44,15,5,1,2,96.62068966,44,6.25,1.25,100,15,100,Satisfactory
804,9/1/2021,63,45,16,5,1,2,107.8275862,45,6.25,1.25,100,16,107.8275862,Moderate
805,9/4/2021,67,29,16,3,1,2,121.4827586,29,3.75,1.25,100,16,121.4827586,Moderate
806,9/6/2021,58,38,16,6,1,3,96.62068966,38,7.5,1.25,112.278481,16,112.278481,Moderate
807,9/7/2021,62,42,16,6,2,2,104.4137931,42,7.5,2.5,100,16,104.4137931,Moderate
808,9/12/2021,56,36,16,5,1,4,93.24137931,36,6.25,1.25,124.8101266,16,124.8101266,Moderate
809,9/15/2021,54,40,17,5,1,2,89.86206897,40,6.25,1.25,100,17,100,Satisfactory
810,9/16/2021,66,55,16,5,1,2,118.0689655,55,6.25,1.25,100,16,118.0689655,Moderate
811,9/18/2021,68,52,16,5,1,2,124.8965517,52,6.25,1.25,100,16,124.8965517,Moderate
812,9/22/2021,68,42,16,5,1,2,124.8965517,42,6.25,1.25,100,16,124.8965517,Moderate
813,9/26/2021,64,28,16,4,1,2,111.2413793,28,5,1.25,100,16,111.2413793,Moderate
814,9/27/2021,35,38,16,5,1,3,57.75862069,38,6.25,1.25,112.278481,16,112.278481,Moderate
815,9/30/2021,58,50,16,6,1,3,96.62068966,50,7.5,1.25,112.278481,16,112.278481,Moderate
816,4/1/2021,83,58,25,7,1,2,176.1034483,58,8.75,1.25,100,25,176.1034483,Moderate
817,4/2/2021,88,66,20,7,1,3,193.1724138,66,8.75,1.25,112.278481,20,193.1724138,Moderate
818,4/3/2021,83,66,20,5,2,2,176.1034483,66,6.25,2.5,100,20,176.1034483,Moderate
819,4/4/2021,88,71,20,6,1,2,193.1724138,71,7.5,1.25,100,20,193.1724138,Moderate
820,4/5/2021,96,67,20,5,1,2,218.0689655,67,6.25,1.25,100,20,218.0689655,Poor
821,4/6/2021,95,65,20,5,2,2,214.6551724,65,6.25,2.5,100,20,214.6551724,Poor
822,4/8/2021,100,57,20,8,1,3,231.7241379,57,10,1.25,112.278481,20,231.7241379,Poor
823,4/9/2021,95,47,20,6,1,2,214.6551724,47,7.5,1.25,100,20,214.6551724,Poor
824,4/12/2021,79,34,20,5,2,3,162.4482759,34,6.25,2.5,112.278481,20,162.4482759,Moderate
825,4/13/2021,74,36,20,5,1,2,145.3793103,36,6.25,1.25,100,20,145.3793103,Moderate
826,4/15/2021,73,34,20,7,2,2,141.9655172,34,8.75,2.5,100,20,141.9655172,Moderate
827,4/16/2021,64,35,20,7,1,3,111.2413793,35,8.75,1.25,112.278481,20,112.278481,Moderate
828,4/17/2021,75,31,20,5,2,2,148.7931034,31,6.25,2.5,100,20,148.7931034,Moderate
829,4/18/2021,67,30,20,6,1,4,121.4827586,30,7.5,1.25,124.8101266,20,124.8101266,Moderate
830,4/20/2021,77,52,20,8,1,2,155.6206897,52,10,1.25,100,20,155.6206897,Moderate
831,4/21/2021,92,41,20,7,1,2,204.4137931,41,8.75,1.25,100,20,204.4137931,Poor
832,4/23/2021,75,41,20,5,1,2,148.7931034,41,6.25,1.25,100,20,148.7931034,Moderate
833,4/27/2021,82,53,20,7,1,3,172.6896552,53,8.75,1.25,112.278481,20,172.6896552,Moderate
834,4/29/2021,77,53,20,7,1,4,155.6206897,53,8.75,1.25,124.8101266,20,155.6206897,Moderate
835,4/30/2021,87,51,20,5,1,2,189.7586207,51,6.25,1.25,100,20,189.7586207,Moderate
836,5/4/2021,59,53,20,5,1,2,98.31034483,53,6.25,1.25,100,20,100,Satisfactory
837,5/8/2021,53,53,20,3,1,2,88.17241379,53,3.75,1.25,100,20,100,Satisfactory
838,5/12/2021,52,51,20,3,1,16,86.48275862,51,3.75,1.25,285.6521739,20,285.6521739,Poor
839,5/29/2021,66,58,16,3,1,13,118.0689655,58,3.75,1.25,242.6086957,16,242.6086957,Poor
840,5/30/2021,65,63,16,4,1,13,114.6551724,63,5,1.25,242.6086957,16,242.6086957,Poor
841,6/9/2021,79,44,22,4,1,13,162.4482759,44,5,1.25,242.6086957,22,242.6086957,Poor
842,6/10/2021,71,42,22,5,1,17,135.137931,42,6.25,1.25,300,22,300,Poor
843,6/11/2021,67,30,22,4,1,17,121.4827586,30,5,1.25,300,22,300,Poor
844,6/12/2021,55,32,22,4,1,17,91.55172414,32,5,1.25,300,22,300,Poor
845,6/14/2021,56,42,22,5,1,17,93.24137931,42,6.25,1.25,300,22,300,Poor
846,6/17/2021,69,45,22,5,1,17,128.3103448,45,6.25,1.25,300,22,300,Poor
847,6/18/2021,68,43,22,4,1,17,124.8965517,43,5,1.25,300,22,300,Poor
848,6/19/2021,64,51,22,3,1,17,111.2413793,51,3.75,1.25,300,22,300,Poor
849,6/22/2021,84,57,22,6,1,17,179.5172414,57,7.5,1.25,300,22,300,Poor
850,6/24/2021,86,67,22,5,1,17,186.3448276,67,6.25,1.25,300,22,300,Poor
851,6/28/2021,79,48,16,6,1,8,162.4482759,48,7.5,1.25,174.9367089,16,174.9367089,Moderate
852,1/6/2021,91,38,11,5,1,3,201,38,6.25,1.25,112.278481,11,201,Poor
853,1/7/2021,57,38,12,5,2,2,94.93103448,38,6.25,2.5,100,12,100,Satisfactory
854,1/9/2021,62,41,9,4,1,3,104.4137931,41,5,1.25,112.278481,9,112.278481,Moderate
855,1/10/2021,69,53,11,7,1,5,128.3103448,53,8.75,1.25,137.3417722,11,137.3417722,Moderate
856,1/11/2021,98,42,8,7,2,3,224.8965517,42,8.75,2.5,112.278481,8,224.8965517,Poor
857,1/12/2021,70,32,3,6,1,4,131.7241379,32,7.5,1.25,124.8101266,3,131.7241379,Moderate
858,1/13/2021,61,32,7,5,1,5,101,32,6.25,1.25,137.3417722,7,137.3417722,Moderate
859,1/14/2021,52,48,10,6,1,3,86.48275862,48,7.5,1.25,112.278481,10,112.278481,Moderate
860,1/15/2021,68,49,9,5,1,3,124.8965517,49,6.25,1.25,112.278481,9,124.8965517,Moderate
861,1/16/2021,78,46,11,5,1,4,159.0344828,46,6.25,1.25,124.8101266,11,159.0344828,Moderate
862,1/18/2021,99,63,18,7,1,4,228.3103448,63,8.75,1.25,124.8101266,18,228.3103448,Poor
863,1/19/2021,106,75,19,8,1,5,252.2068966,75,10,1.25,137.3417722,19,252.2068966,Poor
864,1/20/2021,138,75,19,7,2,4,314.0465116,75,8.75,2.5,124.8101266,19,314.0465116,Very Poor
865,1/21/2021,144,63,17,5,2,3,318.6511628,63,6.25,2.5,112.278481,17,318.6511628,Very Poor
866,1/23/2021,86,58,19,6,2,2,186.3448276,58,7.5,2.5,100,19,186.3448276,Moderate
867,1/25/2021,108,67,21,7,2,3,259.0344828,67,8.75,2.5,112.278481,21,259.0344828,Poor
868,1/26/2021,118,62,27,7,1,3,293.1724138,62,8.75,1.25,112.278481,27,293.1724138,Poor
869,1/30/2021,150,70,23,7,1,3,323.255814,70,8.75,1.25,112.278481,23,323.255814,Very Poor
870,2/3/2021,100,66,23,7,1,3,231.7241379,66,8.75,1.25,112.278481,23,231.7241379,Poor
871,2/4/2021,112,73,28,8,1,3,272.6896552,73,10,1.25,112.278481,28,272.6896552,Poor
872,2/5/2021,130,74,31,7,1,3,307.9069767,74,8.75,1.25,112.278481,31,307.9069767,Very Poor
873,2/6/2021,130,76,33,8,1,3,307.9069767,76,10,1.25,112.278481,33,307.9069767,Very Poor
874,2/7/2021,134,71,32,7,1,4,310.9767442,71,8.75,1.25,124.8101266,32,310.9767442,Very Poor
875,2/8/2021,126,64,33,7,3,2,304.8372093,64,8.75,3.75,100,33,304.8372093,Very Poor
876,2/10/2021,126,68,37,8,1,3,304.8372093,68,10,1.25,112.278481,37,304.8372093,Very Poor
877,2/11/2021,120,63,30,8,1,3,300,63,10,1.25,112.278481,30,300,Poor
878,2/26/2021,113,80,19,5,2,2,276.1034483,80,6.25,2.5,100,19,276.1034483,Poor
879,2/27/2021,144,65,19,5,2,3,318.6511628,65,6.25,2.5,112.278481,19,318.6511628,Very Poor
880,2/28/2021,117,68,15,5,1,3,289.7586207,68,6.25,1.25,112.278481,15,289.7586207,Poor
881,3/1/2021,120,57,22,5,2,3,300,57,6.25,2.5,112.278481,22,300,Poor
882,3/2/2021,101,68,23,5,1,3,235.137931,68,6.25,1.25,112.278481,23,235.137931,Poor
883,3/4/2021,90,65,20,5,2,3,200,65,6.25,2.5,112.278481,20,200,Moderate
884,3/5/2021,110,66,21,4,1,3,265.862069,66,5,1.25,112.278481,21,265.862069,Poor
885,3/6/2021,115,71,19,5,2,2,282.9310345,71,6.25,2.5,100,19,282.9310345,Poor
886,3/7/2021,130,66,13,5,1,3,307.9069767,66,6.25,1.25,112.278481,13,307.9069767,Very Poor
887,3/8/2021,107,55,8,5,1,2,255.6206897,55,6.25,1.25,100,8,255.6206897,Poor
888,3/9/2021,100,51,10,6,1,3,231.7241379,51,7.5,1.25,112.278481,10,231.7241379,Poor
889,3/18/2021,123,64,16,6,1,2,302.5348837,64,7.5,1.25,100,16,302.5348837,Very Poor
890,3/19/2021,110,65,12,6,1,2,265.862069,65,7.5,1.25,100,12,265.862069,Poor
891,3/21/2021,96,61,14,7,1,3,218.0689655,61,8.75,1.25,112.278481,14,218.0689655,Poor
892,3/22/2021,102,61,16,6,1,2,238.5517241,61,7.5,1.25,100,16,238.5517241,Poor
893,3/23/2021,103,65,17,6,2,2,241.9655172,65,7.5,2.5,100,17,241.9655172,Poor
894,3/24/2021,108,61,14,7,1,2,259.0344828,61,8.75,1.25,100,14,259.0344828,Poor
895,3/25/2021,96,56,15,7,1,2,218.0689655,56,8.75,1.25,100,15,218.0689655,Poor
896,3/26/2021,89,49,8,7,1,4,196.5862069,49,8.75,1.25,124.8101266,8,196.5862069,Moderate
897,3/27/2021,79,41,43,6,2,2,162.4482759,41,7.5,2.5,100,43,162.4482759,Moderate
898,3/28/2021,69,32,22,5,1,2,128.3103448,32,6.25,1.25,100,22,128.3103448,Moderate
899,3/31/2021,59,54,24,8,1,3,98.31034483,54,10,1.25,112.278481,24,112.278481,Moderate
900,10/2/2020,72,44,3,5,1,1,138.5517241,44,6.25,1.25,50,3,138.5517241,Moderate
901,10/5/2020,72,45,3,5,1,1,138.5517241,45,6.25,1.25,50,3,138.5517241,Moderate
902,10/7/2020,62,44,3,6,1,2,104.4137931,44,7.5,1.25,100,3,104.4137931,Moderate
903,10/8/2020,65,32,3,6,1,2,114.6551724,32,7.5,1.25,100,3,114.6551724,Moderate
904,10/12/2020,56,38,3,6,1,2,93.24137931,38,7.5,1.25,100,3,100,Satisfactory
905,10/13/2020,50,37,2,5,1,2,83.10344828,37,6.25,1.25,100,2,100,Satisfactory
906,10/14/2020,53,40,2,6,1,2,88.17241379,40,7.5,1.25,100,2,100,Satisfactory
907,10/15/2020,90,51,4,6,1,2,200,51,7.5,1.25,100,4,200,Moderate
908,10/16/2020,61,52,5,6,1,2,101,52,7.5,1.25,100,5,101,Moderate
909,10/18/2020,66,55,3,6,1,1,118.0689655,55,7.5,1.25,50,3,118.0689655,Moderate
910,10/19/2020,70,55,3,6,1,2,131.7241379,55,7.5,1.25,100,3,131.7241379,Moderate
911,10/21/2020,74,51,3,6,1,2,145.3793103,51,7.5,1.25,100,3,145.3793103,Moderate
912,10/22/2020,70,52,3,6,1,2,131.7241379,52,7.5,1.25,100,3,131.7241379,Moderate
913,10/23/2020,66,52,3,6,1,1,118.0689655,52,7.5,1.25,50,3,118.0689655,Moderate
914,10/26/2020,73,55,4,7,1,1,141.9655172,55,8.75,1.25,50,4,141.9655172,Moderate
915,10/27/2020,82,57,6,7,1,1,172.6896552,57,8.75,1.25,50,6,172.6896552,Moderate
916,10/28/2020,89,53,8,6,1,1,196.5862069,53,7.5,1.25,50,8,196.5862069,Moderate
917,10/29/2020,86,63,8,7,2,2,186.3448276,63,8.75,2.5,100,8,186.3448276,Moderate
918,10/30/2020,101,68,8,6,1,1,235.137931,68,7.5,1.25,50,8,235.137931,Poor
919,11/1/2020,123,67,5,6,1,2,302.5348837,67,7.5,1.25,100,5,302.5348837,Very Poor
920,11/2/2020,130,76,13,8,1,4,307.9069767,76,10,1.25,124.8101266,13,307.9069767,Very Poor
921,11/3/2020,154,68,11,7,1,5,326.3255814,68,8.75,1.25,137.3417722,11,326.3255814,Very Poor
922,11/4/2020,126,63,8,6,1,4,304.8372093,63,7.5,1.25,124.8101266,8,304.8372093,Very Poor
923,11/5/2020,109,47,7,6,1,4,262.4482759,47,7.5,1.25,124.8101266,7,262.4482759,Poor
924,11/9/2020,114,69,19,8,1,5,279.5172414,69,10,1.25,137.3417722,19,279.5172414,Poor
925,11/10/2020,131,68,21,7,1,4,308.6744186,68,8.75,1.25,124.8101266,21,308.6744186,Very Poor
926,11/11/2020,124,69,23,7,2,4,303.3023256,69,8.75,2.5,124.8101266,23,303.3023256,Very Poor
927,11/12/2020,135,53,3,6,1,4,311.744186,53,7.5,1.25,124.8101266,3,311.744186,Very Poor
928,11/13/2020,93,63,8,5,1,4,207.8275862,63,6.25,1.25,124.8101266,8,207.8275862,Poor
929,11/14/2020,119,43,9,5,1,4,296.5862069,43,6.25,1.25,124.8101266,9,296.5862069,Poor
930,11/15/2020,79,36,2,5,1,4,162.4482759,36,6.25,1.25,124.8101266,2,162.4482759,Moderate
931,11/16/2020,73,40,7,5,1,4,141.9655172,40,6.25,1.25,124.8101266,7,141.9655172,Moderate
932,11/17/2020,66,32,7,5,1,6,118.0689655,32,6.25,1.25,149.8734177,7,149.8734177,Moderate
933,11/18/2020,55,46,9,7,1,4,91.55172414,46,8.75,1.25,124.8101266,9,124.8101266,Moderate
934,11/19/2020,76,40,11,5,1,3,152.2068966,40,6.25,1.25,112.278481,11,152.2068966,Moderate
935,11/20/2020,67,41,11,6,1,4,121.4827586,41,7.5,1.25,124.8101266,11,124.8101266,Moderate
936,11/21/2020,72,58,19,6,1,3,138.5517241,58,7.5,1.25,112.278481,19,138.5517241,Moderate
937,11/22/2020,101,59,22,6,2,4,235.137931,59,7.5,2.5,124.8101266,22,235.137931,Poor
938,11/23/2020,110,66,20,8,1,5,265.862069,66,10,1.25,137.3417722,20,265.862069,Poor
939,11/24/2020,119,67,20,10,1,5,296.5862069,67,12.5,1.25,137.3417722,20,296.5862069,Poor
940,11/25/2020,119,57,22,6,3,4,296.5862069,57,7.5,3.75,124.8101266,22,296.5862069,Poor
941,11/26/2020,91,70,18,6,1,4,201,70,7.5,1.25,124.8101266,18,201,Poor
942,11/27/2020,109,48,18,5,1,3,262.4482759,48,6.25,1.25,112.278481,18,262.4482759,Poor
943,11/28/2020,87,46,16,5,1,3,189.7586207,46,6.25,1.25,112.278481,16,189.7586207,Moderate
944,11/29/2020,79,54,12,6,1,4,162.4482759,54,7.5,1.25,124.8101266,12,162.4482759,Moderate
945,12/1/2020,106,62,8,7,1,6,252.2068966,62,8.75,1.25,149.8734177,8,252.2068966,Poor
946,12/2/2020,111,63,14,8,1,5,269.2758621,63,10,1.25,137.3417722,14,269.2758621,Poor
947,12/3/2020,124,47,12,7,2,5,303.3023256,47,8.75,2.5,137.3417722,12,303.3023256,Very Poor
948,12/4/2020,81,38,6,5,1,6,169.2758621,38,6.25,1.25,149.8734177,6,169.2758621,Moderate
949,12/5/2020,64,39,8,5,1,3,111.2413793,39,6.25,1.25,112.278481,8,112.278481,Moderate
950,12/6/2020,67,34,12,4,2,4,121.4827586,34,5,2.5,124.8101266,12,124.8101266,Moderate
951,12/7/2020,65,45,10,6,1,3,114.6551724,45,7.5,1.25,112.278481,10,114.6551724,Moderate
952,12/9/2020,71,51,13,7,1,3,135.137931,51,8.75,1.25,112.278481,13,135.137931,Moderate
953,12/10/2020,87,58,16,6,1,3,189.7586207,58,7.5,1.25,112.278481,16,189.7586207,Moderate
954,12/12/2020,83,54,20,4,1,2,176.1034483,54,5,1.25,100,20,176.1034483,Moderate
955,12/14/2020,108,64,20,5,1,2,259.0344828,64,6.25,1.25,100,20,259.0344828,Poor
956,12/15/2020,130,58,16,6,1,4,307.9069767,58,7.5,1.25,124.8101266,16,307.9069767,Very Poor
957,12/16/2020,103,44,12,5,1,3,241.9655172,44,6.25,1.25,112.278481,12,241.9655172,Poor
958,12/19/2020,89,63,18,6,2,2,196.5862069,63,7.5,2.5,100,18,196.5862069,Moderate
959,12/21/2020,137,61,17,6,2,3,313.2790698,61,7.5,2.5,112.278481,17,313.2790698,Very Poor
960,12/23/2020,88,54,17,5,1,2,193.1724138,54,6.25,1.25,100,17,193.1724138,Moderate
961,12/24/2020,97,61,22,6,1,2,221.4827586,61,7.5,1.25,100,22,221.4827586,Poor
962,12/29/2020,108,66,19,8,2,4,259.0344828,66,10,2.5,124.8101266,19,259.0344828,Poor
963,12/31/2020,87,47,14,6,1,2,189.7586207,47,7.5,1.25,100,14,189.7586207,Moderate
964,1/1/2021,81,55,19,5,1,3,169.2758621,55,6.25,1.25,112.278481,19,169.2758621,Moderate
965,1/2/2021,94,58,10,5,1,3,211.2413793,58,6.25,1.25,112.278481,10,211.2413793,Poor
966,7/2/2020,74,37,10,6,1,4,145.3793103,37,7.5,1.25,124.8101266,10,145.3793103,Moderate
967,7/6/2020,77,29,15,3,1,2,155.6206897,29,3.75,1.25,100,15,155.6206897,Moderate
968,7/7/2020,56,34,11,3,2,1,93.24137931,34,3.75,2.5,50,11,93.24137931,Satisfactory
969,7/8/2020,65,35,16,3,1,2,114.6551724,35,3.75,1.25,100,16,114.6551724,Moderate
970,7/9/2020,65,25,15,3,1,2,114.6551724,25,3.75,1.25,100,15,114.6551724,Moderate
971,7/22/2020,54,24,12,4,2,1,89.86206897,24,5,2.5,50,12,89.86206897,Satisfactory
972,7/23/2020,49,27,8,4,1,1,81.4137931,27,5,1.25,50,8,81.4137931,Satisfactory
973,7/24/2020,46,40,10,5,2,2,76.34482759,40,6.25,2.5,100,10,100,Satisfactory
974,8/6/2020,76,34,6,6,2,3,152.2068966,34,7.5,2.5,112.278481,6,152.2068966,Moderate
975,8/7/2020,57,29,10,5,2,3,94.93103448,29,6.25,2.5,112.278481,10,112.278481,Moderate
976,8/8/2020,54,22,9,4,1,2,89.86206897,22,5,1.25,100,9,100,Satisfactory
977,8/9/2020,44,35,10,5,1,3,72.96551724,35,6.25,1.25,112.278481,10,112.278481,Moderate
978,8/10/2020,62,37,12,5,1,3,104.4137931,37,6.25,1.25,112.278481,12,112.278481,Moderate
979,8/11/2020,61,39,11,4,1,2,101,39,5,1.25,100,11,101,Moderate
980,8/13/2020,63,43,11,5,1,3,107.8275862,43,6.25,1.25,112.278481,11,112.278481,Moderate
981,8/14/2020,65,44,12,5,1,3,114.6551724,44,6.25,1.25,112.278481,12,114.6551724,Moderate
982,8/15/2020,74,49,13,4,1,1,145.3793103,49,5,1.25,50,13,145.3793103,Moderate
983,8/16/2020,90,43,9,5,1,3,200,43,6.25,1.25,112.278481,9,200,Moderate
984,8/17/2020,74,47,10,5,1,1,145.3793103,47,6.25,1.25,50,10,145.3793103,Moderate
985,8/18/2020,74,46,14,4,1,2,145.3793103,46,5,1.25,100,14,145.3793103,Moderate
986,8/19/2020,76,48,10,5,1,3,152.2068966,48,6.25,1.25,112.278481,10,152.2068966,Moderate
987,8/20/2020,74,50,10,5,1,1,145.3793103,50,6.25,1.25,50,10,145.3793103,Moderate
988,8/21/2020,81,44,11,5,1,1,169.2758621,44,6.25,1.25,50,11,169.2758621,Moderate
989,8/22/2020,72,43,9,4,1,2,138.5517241,43,5,1.25,100,9,138.5517241,Moderate
990,8/23/2020,77,50,10,5,1,2,155.6206897,50,6.25,1.25,100,10,155.6206897,Moderate
991,8/24/2020,82,52,12,5,1,2,172.6896552,52,6.25,1.25,100,12,172.6896552,Moderate
992,8/25/2020,85,52,10,5,1,1,182.9310345,52,6.25,1.25,50,10,182.9310345,Moderate
993,8/26/2020,78,53,10,5,1,2,159.0344828,53,6.25,1.25,100,10,159.0344828,Moderate
994,8/27/2020,73,45,12,5,2,2,141.9655172,45,6.25,2.5,100,12,141.9655172,Moderate
995,8/28/2020,64,46,9,5,1,2,111.2413793,46,6.25,1.25,100,9,111.2413793,Moderate
996,8/29/2020,65,44,10,4,1,1,114.6551724,44,5,1.25,50,10,114.6551724,Moderate
997,8/30/2020,68,41,10,3,1,1,124.8965517,41,3.75,1.25,50,10,124.8965517,Moderate
998,8/31/2020,73,35,13,4,1,2,141.9655172,35,5,1.25,100,13,141.9655172,Moderate
999,9/1/2020,50,33,7,4,1,3,83.10344828,33,5,1.25,112.278481,7,112.278481,Moderate
1000,9/2/2020,51,26,9,4,1,2,84.79310345,26,5,1.25,100,9,100,Satisfactory
1001,9/3/2020,42,28,6,3,1,1,69.5862069,28,3.75,1.25,50,6,69.5862069,Satisfactory
1002,9/4/2020,47,24,6,3,1,2,78.03448276,24,3.75,1.25,100,6,100,Satisfactory
1003,9/5/2020,42,22,10,4,1,2,69.5862069,22,5,1.25,100,10,100,Satisfactory
1004,9/6/2020,39,32,8,5,1,4,64.51724138,32,6.25,1.25,124.8101266,8,124.8101266,Moderate
1005,9/7/2020,48,38,7,4,1,3,79.72413793,38,5,1.25,112.278481,7,112.278481,Moderate
1006,9/8/2020,56,25,6,5,1,3,93.24137931,25,6.25,1.25,112.278481,6,112.278481,Moderate
1007,9/9/2020,43,38,8,5,1,2,71.27586207,38,6.25,1.25,100,8,100,Satisfactory
1008,9/10/2020,58,42,3,5,1,2,96.62068966,42,6.25,1.25,100,3,100,Satisfactory
1009,9/11/2020,66,36,5,4,1,4,118.0689655,36,5,1.25,124.8101266,5,124.8101266,Moderate
1010,9/12/2020,57,33,6,4,2,2,94.93103448,33,5,2.5,100,6,100,Satisfactory
1011,9/13/2020,53,41,6,5,1,4,88.17241379,41,6.25,1.25,124.8101266,6,124.8101266,Moderate
1012,9/14/2020,72,36,6,4,1,2,138.5517241,36,5,1.25,100,6,138.5517241,Moderate
1013,9/15/2020,57,41,5,5,1,3,94.93103448,41,6.25,1.25,112.278481,5,112.278481,Moderate
1014,9/16/2020,57,40,7,4,1,3,94.93103448,40,5,1.25,112.278481,7,112.278481,Moderate
1015,9/17/2020,54,35,7,4,1,3,89.86206897,35,5,1.25,112.278481,7,112.278481,Moderate
1016,9/18/2020,54,35,7,4,1,2,89.86206897,35,5,1.25,100,7,100,Satisfactory
1017,9/19/2020,54,29,7,4,1,2,89.86206897,29,5,1.25,100,7,100,Satisfactory
1018,9/20/2020,49,39,5,5,1,3,81.4137931,39,6.25,1.25,112.278481,5,112.278481,Moderate
1019,9/21/2020,58,32,5,5,1,4,96.62068966,32,6.25,1.25,124.8101266,5,124.8101266,Moderate
1020,9/22/2020,53,39,7,5,1,3,88.17241379,39,6.25,1.25,112.278481,7,112.278481,Moderate
1021,9/23/2020,61,40,9,5,1,3,101,40,6.25,1.25,112.278481,9,112.278481,Moderate
1022,9/24/2020,62,47,7,5,1,4,104.4137931,47,6.25,1.25,124.8101266,7,124.8101266,Moderate
1023,9/25/2020,75,46,9,5,1,3,148.7931034,46,6.25,1.25,112.278481,9,148.7931034,Moderate
1024,9/26/2020,68,40,9,4,1,2,124.8965517,40,5,1.25,100,9,124.8965517,Moderate
1025,9/27/2020,64,46,8,5,1,3,111.2413793,46,6.25,1.25,112.278481,8,112.278481,Moderate
1026,9/28/2020,73,53,8,6,1,2,141.9655172,53,7.5,1.25,100,8,141.9655172,Moderate
1027,9/29/2020,88,44,5,5,1,3,193.1724138,44,6.25,1.25,112.278481,5,193.1724138,Moderate
1028,4/3/2020,100,51,31,3,1,2,231.7241379,51,3.75,1.25,100,31,231.7241379,Poor
1029,4/4/2020,97,45,26,3,1,2,221.4827586,45,3.75,1.25,100,26,221.4827586,Poor
1030,4/5/2020,87,31,26,4,1,2,189.7586207,31,5,1.25,100,26,189.7586207,Moderate
1031,4/6/2020,64,37,26,4,1,2,111.2413793,37,5,1.25,100,26,111.2413793,Moderate
1032,4/7/2020,77,40,36,4,1,2,155.6206897,40,5,1.25,100,36,155.6206897,Moderate
1033,4/8/2020,80,45,27,4,1,3,165.862069,45,5,1.25,112.278481,27,165.862069,Moderate
1034,4/9/2020,82,42,27,3,1,2,172.6896552,42,3.75,1.25,100,27,172.6896552,Moderate
1035,4/11/2020,84,45,31,3,1,2,179.5172414,45,3.75,1.25,100,31,179.5172414,Moderate
1036,4/12/2020,92,49,30,4,1,2,204.4137931,49,5,1.25,100,30,204.4137931,Poor
1037,4/13/2020,95,46,30,3,1,2,214.6551724,46,3.75,1.25,100,30,214.6551724,Poor
1038,4/14/2020,90,37,24,3,1,2,200,37,3.75,1.25,100,24,200,Moderate
1039,4/15/2020,76,28,30,3,1,2,152.2068966,28,3.75,1.25,100,30,152.2068966,Moderate
1040,4/16/2020,62,31,29,3,1,2,104.4137931,31,3.75,1.25,100,29,104.4137931,Moderate
1041,4/17/2020,62,24,21,3,1,1,104.4137931,24,3.75,1.25,50,21,104.4137931,Moderate
1042,4/18/2020,55,21,20,3,1,1,91.55172414,21,3.75,1.25,50,20,91.55172414,Satisfactory
1043,4/19/2020,46,30,23,4,1,1,76.34482759,30,5,1.25,50,23,76.34482759,Satisfactory
1044,4/20/2020,62,35,26,4,1,2,104.4137931,35,5,1.25,100,26,104.4137931,Moderate
1045,4/21/2020,72,34,26,4,1,2,138.5517241,34,5,1.25,100,26,138.5517241,Moderate
1046,4/22/2020,68,38,21,4,1,1,124.8965517,38,5,1.25,50,21,124.8965517,Moderate
1047,4/23/2020,74,37,21,4,1,1,145.3793103,37,5,1.25,50,21,145.3793103,Moderate
1048,4/24/2020,72,42,22,4,1,2,138.5517241,42,5,1.25,100,22,138.5517241,Moderate
1049,4/25/2020,76,52,21,4,1,1,152.2068966,52,5,1.25,50,21,152.2068966,Moderate
1050,4/26/2020,95,39,34,5,1,2,214.6551724,39,6.25,1.25,100,34,214.6551724,Poor
1051,4/27/2020,66,46,25,5,1,1,118.0689655,46,6.25,1.25,50,25,118.0689655,Moderate
1052,4/28/2020,90,39,25,5,1,2,200,39,6.25,1.25,100,25,200,Moderate
1053,4/29/2020,74,49,22,5,1,1,145.3793103,49,6.25,1.25,50,22,145.3793103,Moderate
1054,4/30/2020,86,44,21,4,1,1,186.3448276,44,5,1.25,50,21,186.3448276,Moderate
1055,5/1/2020,75,47,21,4,1,2,148.7931034,47,5,1.25,100,21,148.7931034,Moderate
1056,5/2/2020,82,43,22,3,1,2,172.6896552,43,3.75,1.25,100,22,172.6896552,Moderate
1057,5/3/2020,75,49,20,5,1,1,148.7931034,49,6.25,1.25,50,20,148.7931034,Moderate
1058,5/5/2020,99,43,26,6,1,3,228.3103448,43,7.5,1.25,112.278481,26,228.3103448,Poor
1059,5/6/2020,78,42,19,4,1,1,159.0344828,42,5,1.25,50,19,159.0344828,Moderate
1060,5/7/2020,80,33,16,4,1,1,165.862069,33,5,1.25,50,16,165.862069,Moderate
1061,5/8/2020,62,39,19,5,1,2,104.4137931,39,6.25,1.25,100,19,104.4137931,Moderate
1062,5/9/2020,71,36,20,3,1,1,135.137931,36,3.75,1.25,50,20,135.137931,Moderate
1063,5/10/2020,69,32,15,5,1,2,128.3103448,32,6.25,1.25,100,15,128.3103448,Moderate
1064,5/11/2020,58,44,19,5,1,3,96.62068966,44,6.25,1.25,112.278481,19,112.278481,Moderate
1065,5/12/2020,78,30,16,5,1,3,159.0344828,30,6.25,1.25,112.278481,16,159.0344828,Moderate
1066,5/13/2020,59,38,20,5,1,2,98.31034483,38,6.25,1.25,100,20,100,Satisfactory
1067,5/14/2020,71,42,21,5,1,3,135.137931,42,6.25,1.25,112.278481,21,135.137931,Moderate
1068,5/15/2020,71,34,22,5,1,3,135.137931,34,6.25,1.25,112.278481,22,135.137931,Moderate
1069,5/16/2020,61,39,27,3,2,1,101,39,3.75,2.5,50,27,101,Moderate
1070,5/17/2020,73,34,25,5,1,3,141.9655172,34,6.25,1.25,112.278481,25,141.9655172,Moderate
1071,5/18/2020,68,51,17,4,1,2,124.8965517,51,5,1.25,100,17,124.8965517,Moderate
1072,5/19/2020,87,48,13,5,1,2,189.7586207,48,6.25,1.25,100,13,189.7586207,Moderate
1073,5/20/2020,81,27,16,5,1,2,169.2758621,27,6.25,1.25,100,16,169.2758621,Moderate
1074,5/21/2020,53,30,15,5,1,3,88.17241379,30,6.25,1.25,112.278481,15,112.278481,Moderate
1075,5/22/2020,55,37,12,5,1,2,91.55172414,37,6.25,1.25,100,12,100,Satisfactory
1076,5/23/2020,65,38,12,3,1,2,114.6551724,38,3.75,1.25,100,12,114.6551724,Moderate
1077,5/24/2020,71,44,8,5,1,2,135.137931,44,6.25,1.25,100,8,135.137931,Moderate
1078,5/25/2020,77,38,11,6,1,4,155.6206897,38,7.5,1.25,124.8101266,11,155.6206897,Moderate
1079,5/27/2020,64,36,11,5,1,2,111.2413793,36,6.25,1.25,100,11,111.2413793,Moderate
1080,6/9/2020,87,41,8,5,1,3,189.7586207,41,6.25,1.25,112.278481,8,189.7586207,Moderate
1081,6/10/2020,75,42,7,6,1,4,148.7931034,42,7.5,1.25,124.8101266,7,148.7931034,Moderate
1082,6/11/2020,78,45,8,6,1,2,159.0344828,45,7.5,1.25,100,8,159.0344828,Moderate
1083,6/12/2020,87,43,7,5,1,1,189.7586207,43,6.25,1.25,50,7,189.7586207,Moderate
1084,6/13/2020,83,29,9,3,1,1,176.1034483,29,3.75,1.25,50,9,176.1034483,Moderate
1085,6/16/2020,87,50,7,6,1,2,189.7586207,50,7.5,1.25,100,7,189.7586207,Moderate
1086,6/17/2020,96,46,9,6,1,3,218.0689655,46,7.5,1.25,112.278481,9,218.0689655,Poor
1087,6/18/2020,82,38,10,5,1,1,172.6896552,38,6.25,1.25,50,10,172.6896552,Moderate
1088,6/19/2020,69,40,10,5,1,4,128.3103448,40,6.25,1.25,124.8101266,10,128.3103448,Moderate
1089,6/20/2020,69,29,11,4,1,1,128.3103448,29,5,1.25,50,11,128.3103448,Moderate
1090,6/21/2020,58,35,11,5,1,3,96.62068966,35,6.25,1.25,112.278481,11,112.278481,Moderate
1091,6/22/2020,60,48,10,6,1,5,100,48,7.5,1.25,137.3417722,10,137.3417722,Moderate
1092,6/23/2020,93,55,14,5,1,1,207.8275862,55,6.25,1.25,50,14,207.8275862,Poor
1093,6/24/2020,99,46,13,6,1,2,228.3103448,46,7.5,1.25,100,13,228.3103448,Poor
1094,3/28/2020,101,43,23,2,1,7,235.137931,43,2.5,1.25,162.4050633,23,235.137931,Poor
1095,3/29/2020,80,53,12,3,1,9,165.862069,53,3.75,1.25,187.4683544,12,187.4683544,Moderate
